user.id,signal_feeling.key,signal_fitness.key,signal_functioning.key,signal_motivation.key,signal_sleep.key,signal_stress.key,date,CopingSelfeffscale_Resource,TeamEffscale_Resource,OrgaCommitscale_Resource,Motivationscale_Resource,Optimismscale_Resource,Initiativescale_Resource,Controlscale_Resource,Emostabscale_Resource,Meaningmscale_Resource,Flexibilityscale_Resource,Socialcompscale_Resource,Selfreflectionscale_Resource,Supportteamscale_Resource,Facilitiesscale_Resource,Supportcoachclubscale_Resource,Supportfamilyscale_Resource
1,6,5,6,6,2,2,5,4.83,4,3.8,5.5,4.33,4.57,4.67,3.67,4,3.67,3.2,5.63,3.33,3.5,5,4
1,5,4,6,6,4,3,6,4.83,4,3.8,5.5,4.33,4.57,4.67,3.67,4,3.67,3.2,5.63,3.33,3.5,5,4
1,5,6,6,6,5,4,8,4.83,4,3.8,5.5,4.33,4.57,4.67,3.67,4,3.67,3.2,5.63,3.33,3.5,5,4
1,6,5,5,5,4,3,9,4.83,4,3.8,5.5,4.33,4.57,4.67,3.67,4,3.67,3.2,5.63,3.33,3.5,5,4
1,6,6,6,6,6,2,11,4.83,4,3.8,5.5,4.33,4.57,4.67,3.67,4,3.67,3.2,5.63,3.33,3.5,5,4
1,5,2,4,4,2,2,12,4.83,4,3.8,5.5,4.33,4.57,4.67,3.67,4,3.67,3.2,5.63,3.33,3.5,5,4
1,5,5,4,4,4,2,13,4.83,4,3.8,5.5,4.33,4.57,4.67,3.67,4,3.67,3.2,5.63,3.33,3.5,5,4
1,5,5,6,5,5,2,14,4.83,4,3.8,5.5,4.33,4.57,4.67,3.67,4,3.67,3.2,5.63,3.33,3.5,5,4
1,6,6,6,5,6,2,16,4.83,4,3.8,5.5,4.33,4.57,4.67,3.67,4,3.67,3.2,5.63,3.33,3.5,5,4
1,7,6,6,6,5,2,16,4.83,4,3.8,5.5,4.33,4.57,4.67,3.67,4,3.67,3.2,5.63,3.33,3.5,5,4
1,6,4,5,6,4,1,18,4.83,4,3.8,5.5,4.33,4.57,4.67,3.67,4,3.67,3.2,5.63,3.33,3.5,5,4
1,4,4,4,4,2,2,19,4.83,4,3.8,5.5,4.33,4.57,4.67,3.67,4,3.67,3.2,5.63,3.33,3.5,5,4
1,6,6,6,6,6,1,21,4.83,4,3.8,5.5,4.33,4.57,4.67,3.67,4,3.67,3.2,5.63,3.33,3.5,5,4
1,7,6,6,7,5,2,23,4.83,4,3.8,5.5,4.33,4.57,4.67,3.67,4,3.67,3.2,5.63,3.33,3.5,5,4
1,7,6,6,6,6,2,23,4.83,4,3.8,5.5,4.33,4.57,4.67,3.67,4,3.67,3.2,5.63,3.33,3.5,5,4
1,5,4,4,6,1,1,25,4.83,4,3.8,5.5,4.33,4.57,4.67,3.67,4,3.67,3.2,5.63,3.33,3.5,5,4
1,6,6,6,6,6,2,25,4.83,4,3.8,5.5,4.33,4.57,4.67,3.67,4,3.67,3.2,5.63,3.33,3.5,5,4
1,6,6,6,6,6,1,26,4.83,4,3.8,5.5,4.33,4.57,4.67,3.67,4,3.67,3.2,5.63,3.33,3.5,5,4
1,6,6,6,6,6,1,27,4.83,4,3.8,5.5,4.33,4.57,4.67,3.67,4,3.67,3.2,5.63,3.33,3.5,5,4
1,7,7,6,7,7,1,28,4.83,4,3.8,5.5,4.33,4.57,4.67,3.67,4,3.67,3.2,5.63,3.33,3.5,5,4
1,6,4,7,6,5,2,30,4.83,4,3.8,5.5,4.33,4.57,4.67,3.67,4,3.67,3.2,5.63,3.33,3.5,5,4
1,7,5,7,6,6,1,34,4.83,4,3.8,5.5,4.33,4.57,4.67,3.67,4,3.67,3.2,5.63,3.33,3.5,5,4
1,5,5,6,6,6,1,34,4.83,4,3.8,5.5,4.33,4.57,4.67,3.67,4,3.67,3.2,5.63,3.33,3.5,5,4
2,6,3,6,5,5,2,5,3.33,4.33,1.6,6,4,3.86,4,2.17,4,3.33,4.2,3.63,4,3,5,5
2,6,6,6,6,6,2,6,3.33,4.33,1.6,6,4,3.86,4,2.17,4,3.33,4.2,3.63,4,3,5,5
2,6,5,6,5,3,2,7,3.33,4.33,1.6,6,4,3.86,4,2.17,4,3.33,4.2,3.63,4,3,5,5
2,6,5,6,5,3,2,7,3.33,4.33,1.6,6,4,3.86,4,2.17,4,3.33,4.2,3.63,4,3,5,5
2,5,6,4,3,5,5,8,3.33,4.33,1.6,6,4,3.86,4,2.17,4,3.33,4.2,3.63,4,3,5,5
2,6,6,6,6,6,2,9,3.33,4.33,1.6,6,4,3.86,4,2.17,4,3.33,4.2,3.63,4,3,5,5
2,6,6,4,5,6,3,11,3.33,4.33,1.6,6,4,3.86,4,2.17,4,3.33,4.2,3.63,4,3,5,5
2,3,3,3,3,2,5,11,3.33,4.33,1.6,6,4,3.86,4,2.17,4,3.33,4.2,3.63,4,3,5,5
2,6,2,6,6,6,2,12,3.33,4.33,1.6,6,4,3.86,4,2.17,4,3.33,4.2,3.63,4,3,5,5
2,5,4,4,5,6,5,13,3.33,4.33,1.6,6,4,3.86,4,2.17,4,3.33,4.2,3.63,4,3,5,5
2,6,5,6,6,6,2,14,3.33,4.33,1.6,6,4,3.86,4,2.17,4,3.33,4.2,3.63,4,3,5,5
2,6,4,6,6,3,2,15,3.33,4.33,1.6,6,4,3.86,4,2.17,4,3.33,4.2,3.63,4,3,5,5
2,6,6,6,6,6,2,16,3.33,4.33,1.6,6,4,3.86,4,2.17,4,3.33,4.2,3.63,4,3,5,5
2,6,2,5,5,6,2,17,3.33,4.33,1.6,6,4,3.86,4,2.17,4,3.33,4.2,3.63,4,3,5,5
2,6,4,4,4,6,2,18,3.33,4.33,1.6,6,4,3.86,4,2.17,4,3.33,4.2,3.63,4,3,5,5
2,6,5,6,6,5,1,19,3.33,4.33,1.6,6,4,3.86,4,2.17,4,3.33,4.2,3.63,4,3,5,5
2,6,6,6,6,6,1,21,3.33,4.33,1.6,6,4,3.86,4,2.17,4,3.33,4.2,3.63,4,3,5,5
2,7,6,6,7,6,1,22,3.33,4.33,1.6,6,4,3.86,4,2.17,4,3.33,4.2,3.63,4,3,5,5
2,6,5,6,6,4,1,23,3.33,4.33,1.6,6,4,3.86,4,2.17,4,3.33,4.2,3.63,4,3,5,5
2,7,6,5,7,7,1,24,3.33,4.33,1.6,6,4,3.86,4,2.17,4,3.33,4.2,3.63,4,3,5,5
2,7,6,6,6,6,1,26,3.33,4.33,1.6,6,4,3.86,4,2.17,4,3.33,4.2,3.63,4,3,5,5
2,4,4,6,7,7,1,27,3.33,4.33,1.6,6,4,3.86,4,2.17,4,3.33,4.2,3.63,4,3,5,5
2,7,4,6,6,6,1,28,3.33,4.33,1.6,6,4,3.86,4,2.17,4,3.33,4.2,3.63,4,3,5,5
2,5,3,6,6,6,1,30,3.33,4.33,1.6,6,4,3.86,4,2.17,4,3.33,4.2,3.63,4,3,5,5
2,6,5,6,5,6,1,31,3.33,4.33,1.6,6,4,3.86,4,2.17,4,3.33,4.2,3.63,4,3,5,5
2,6,5,4,6,4,1,32,3.33,4.33,1.6,6,4,3.86,4,2.17,4,3.33,4.2,3.63,4,3,5,5
2,2,2,5,4,6,1,33,3.33,4.33,1.6,6,4,3.86,4,2.17,4,3.33,4.2,3.63,4,3,5,5
2,5,5,6,5,6,1,34,3.33,4.33,1.6,6,4,3.86,4,2.17,4,3.33,4.2,3.63,4,3,5,5
2,5,3,5,4,5,1,37,3.33,4.33,1.6,6,4,3.86,4,2.17,4,3.33,4.2,3.63,4,3,5,5
3,6,6,5,6,6,2,7,3.83,3,3.4,4.5,4,3.14,3.67,4,3,2.67,3.8,5,4,3.5,3,4.33
3,6,6,5,6,5,1,10,3.83,3,3.4,4.5,4,3.14,3.67,4,3,2.67,3.8,5,4,3.5,3,4.33
3,5,5,5,5,4,3,10,3.83,3,3.4,4.5,4,3.14,3.67,4,3,2.67,3.8,5,4,3.5,3,4.33
3,5,4,5,5,3,3,11,3.83,3,3.4,4.5,4,3.14,3.67,4,3,2.67,3.8,5,4,3.5,3,4.33
3,5,5,5,5,5,3,12,3.83,3,3.4,4.5,4,3.14,3.67,4,3,2.67,3.8,5,4,3.5,3,4.33
3,6,6,6,6,6,2,13,3.83,3,3.4,4.5,4,3.14,3.67,4,3,2.67,3.8,5,4,3.5,3,4.33
3,5,5,6,6,5,2,14,3.83,3,3.4,4.5,4,3.14,3.67,4,3,2.67,3.8,5,4,3.5,3,4.33
3,6,5,6,5,5,2,17,3.83,3,3.4,4.5,4,3.14,3.67,4,3,2.67,3.8,5,4,3.5,3,4.33
3,6,5,5,5,6,3,17,3.83,3,3.4,4.5,4,3.14,3.67,4,3,2.67,3.8,5,4,3.5,3,4.33
3,5,5,6,5,5,3,22,3.83,3,3.4,4.5,4,3.14,3.67,4,3,2.67,3.8,5,4,3.5,3,4.33
3,6,5,6,6,5,3,22,3.83,3,3.4,4.5,4,3.14,3.67,4,3,2.67,3.8,5,4,3.5,3,4.33
3,6,5,5,6,5,3,23,3.83,3,3.4,4.5,4,3.14,3.67,4,3,2.67,3.8,5,4,3.5,3,4.33
3,5,4,5,5,5,3,25,3.83,3,3.4,4.5,4,3.14,3.67,4,3,2.67,3.8,5,4,3.5,3,4.33
4,6,3,6,6,6,2,6,2.83,3.33,3.2,4.67,3.67,3.71,4,2.33,4,3.33,3.4,4,3.67,3.5,3,4
4,6,6,6,6,5,2,6,2.83,3.33,3.2,4.67,3.67,3.71,4,2.33,4,3.33,3.4,4,3.67,3.5,3,4
4,6,5,6,6,5,1,7,2.83,3.33,3.2,4.67,3.67,3.71,4,2.33,4,3.33,3.4,4,3.67,3.5,3,4
4,5,5,4,5,6,2,8,2.83,3.33,3.2,4.67,3.67,3.71,4,2.33,4,3.33,3.4,4,3.67,3.5,3,4
4,6,6,7,6,5,2,9,2.83,3.33,3.2,4.67,3.67,3.71,4,2.33,4,3.33,3.4,4,3.67,3.5,3,4
4,5,3,4,6,5,2,10,2.83,3.33,3.2,4.67,3.67,3.71,4,2.33,4,3.33,3.4,4,3.67,3.5,3,4
4,5,2,3,4,2,4,12,2.83,3.33,3.2,4.67,3.67,3.71,4,2.33,4,3.33,3.4,4,3.67,3.5,3,4
4,5,6,5,6,4,5,12,2.83,3.33,3.2,4.67,3.67,3.71,4,2.33,4,3.33,3.4,4,3.67,3.5,3,4
4,2,2,2,2,2,6,14,2.83,3.33,3.2,4.67,3.67,3.71,4,2.33,4,3.33,3.4,4,3.67,3.5,3,4
4,5,5,7,6,6,5,15,2.83,3.33,3.2,4.67,3.67,3.71,4,2.33,4,3.33,3.4,4,3.67,3.5,3,4
4,6,6,6,6,6,2,17,2.83,3.33,3.2,4.67,3.67,3.71,4,2.33,4,3.33,3.4,4,3.67,3.5,3,4
4,6,6,6,6,2,2,17,2.83,3.33,3.2,4.67,3.67,3.71,4,2.33,4,3.33,3.4,4,3.67,3.5,3,4
4,5,6,6,6,2,6,18,2.83,3.33,3.2,4.67,3.67,3.71,4,2.33,4,3.33,3.4,4,3.67,3.5,3,4
4,6,6,6,7,3,2,19,2.83,3.33,3.2,4.67,3.67,3.71,4,2.33,4,3.33,3.4,4,3.67,3.5,3,4
4,4,2,6,5,2,5,21,2.83,3.33,3.2,4.67,3.67,3.71,4,2.33,4,3.33,3.4,4,3.67,3.5,3,4
4,4,2,6,5,4,2,22,2.83,3.33,3.2,4.67,3.67,3.71,4,2.33,4,3.33,3.4,4,3.67,3.5,3,4
4,5,2,5,6,4,2,23,2.83,3.33,3.2,4.67,3.67,3.71,4,2.33,4,3.33,3.4,4,3.67,3.5,3,4
4,6,2,6,6,7,5,25,2.83,3.33,3.2,4.67,3.67,3.71,4,2.33,4,3.33,3.4,4,3.67,3.5,3,4
4,6,2,6,6,5,2,25,2.83,3.33,3.2,4.67,3.67,3.71,4,2.33,4,3.33,3.4,4,3.67,3.5,3,4
4,6,5,6,6,6,2,29,2.83,3.33,3.2,4.67,3.67,3.71,4,2.33,4,3.33,3.4,4,3.67,3.5,3,4
4,6,6,6,6,4,2,30,2.83,3.33,3.2,4.67,3.67,3.71,4,2.33,4,3.33,3.4,4,3.67,3.5,3,4
4,6,6,6,6,5,2,31,2.83,3.33,3.2,4.67,3.67,3.71,4,2.33,4,3.33,3.4,4,3.67,3.5,3,4
4,6,5,6,6,5,2,32,2.83,3.33,3.2,4.67,3.67,3.71,4,2.33,4,3.33,3.4,4,3.67,3.5,3,4
4,6,5,6,6,4,2,33,2.83,3.33,3.2,4.67,3.67,3.71,4,2.33,4,3.33,3.4,4,3.67,3.5,3,4
4,6,5,6,6,5,2,34,2.83,3.33,3.2,4.67,3.67,3.71,4,2.33,4,3.33,3.4,4,3.67,3.5,3,4
4,5,5,6,6,3,2,35,2.83,3.33,3.2,4.67,3.67,3.71,4,2.33,4,3.33,3.4,4,3.67,3.5,3,4
4,6,5,6,6,4,2,37,2.83,3.33,3.2,4.67,3.67,3.71,4,2.33,4,3.33,3.4,4,3.67,3.5,3,4
5,5,5,3,5,5,2,5,3.83,3.67,3.4,4.83,3.67,3.14,4,3.67,4,4,4,4.88,4,3.5,4,4
5,5,6,5,5,6,3,7,3.83,3.67,3.4,4.83,3.67,3.14,4,3.67,4,4,4,4.88,4,3.5,4,4
5,6,5,6,6,3,5,7,3.83,3.67,3.4,4.83,3.67,3.14,4,3.67,4,4,4,4.88,4,3.5,4,4
5,6,6,5,5,2,2,8,3.83,3.67,3.4,4.83,3.67,3.14,4,3.67,4,4,4,4.88,4,3.5,4,4
5,5,3,3,5,3,5,11,3.83,3.67,3.4,4.83,3.67,3.14,4,3.67,4,4,4,4.88,4,3.5,4,4
5,6,5,6,3,6,5,12,3.83,3.67,3.4,4.83,3.67,3.14,4,3.67,4,4,4,4.88,4,3.5,4,4
5,5,5,3,5,6,3,15,3.83,3.67,3.4,4.83,3.67,3.14,4,3.67,4,4,4,4.88,4,3.5,4,4
5,6,5,6,6,6,2,16,3.83,3.67,3.4,4.83,3.67,3.14,4,3.67,4,4,4,4.88,4,3.5,4,4
5,6,6,6,6,5,3,17,3.83,3.67,3.4,4.83,3.67,3.14,4,3.67,4,4,4,4.88,4,3.5,4,4
5,7,6,7,7,2,2,17,3.83,3.67,3.4,4.83,3.67,3.14,4,3.67,4,4,4,4.88,4,3.5,4,4
5,6,5,5,5,4,2,19,3.83,3.67,3.4,4.83,3.67,3.14,4,3.67,4,4,4,4.88,4,3.5,4,4
5,6,6,6,6,6,2,22,3.83,3.67,3.4,4.83,3.67,3.14,4,3.67,4,4,4,4.88,4,3.5,4,4
5,7,6,7,7,5,2,26,3.83,3.67,3.4,4.83,3.67,3.14,4,3.67,4,4,4,4.88,4,3.5,4,4
5,6,6,6,6,6,2,27,3.83,3.67,3.4,4.83,3.67,3.14,4,3.67,4,4,4,4.88,4,3.5,4,4
5,6,6,5,5,6,3,27,3.83,3.67,3.4,4.83,3.67,3.14,4,3.67,4,4,4,4.88,4,3.5,4,4
5,6,6,6,6,6,2,29,3.83,3.67,3.4,4.83,3.67,3.14,4,3.67,4,4,4,4.88,4,3.5,4,4
5,6,6,6,6,6,2,30,3.83,3.67,3.4,4.83,3.67,3.14,4,3.67,4,4,4,4.88,4,3.5,4,4
5,6,4,5,6,6,2,32,3.83,3.67,3.4,4.83,3.67,3.14,4,3.67,4,4,4,4.88,4,3.5,4,4
5,5,2,5,6,5,3,35,3.83,3.67,3.4,4.83,3.67,3.14,4,3.67,4,4,4,4.88,4,3.5,4,4
5,6,5,6,6,6,2,36,3.83,3.67,3.4,4.83,3.67,3.14,4,3.67,4,4,4,4.88,4,3.5,4,4
6,6,2,6,6,5,1,5,4.17,4.67,1.8,3.33,4,3.43,4,3.5,3.33,3.67,3.2,4.5,3.67,3,2,4
6,6,5,7,6,6,2,6,4.17,4.67,1.8,3.33,4,3.43,4,3.5,3.33,3.67,3.2,4.5,3.67,3,2,4
6,6,7,7,7,7,1,7,4.17,4.67,1.8,3.33,4,3.43,4,3.5,3.33,3.67,3.2,4.5,3.67,3,2,4
6,6,6,6,6,6,1,8,4.17,4.67,1.8,3.33,4,3.43,4,3.5,3.33,3.67,3.2,4.5,3.67,3,2,4
6,6,3,4,5,6,1,12,4.17,4.67,1.8,3.33,4,3.43,4,3.5,3.33,3.67,3.2,4.5,3.67,3,2,4
6,6,6,6,5,7,2,12,4.17,4.67,1.8,3.33,4,3.43,4,3.5,3.33,3.67,3.2,4.5,3.67,3,2,4
6,6,6,6,4,5,2,13,4.17,4.67,1.8,3.33,4,3.43,4,3.5,3.33,3.67,3.2,4.5,3.67,3,2,4
6,6,7,6,6,7,1,14,4.17,4.67,1.8,3.33,4,3.43,4,3.5,3.33,3.67,3.2,4.5,3.67,3,2,4
6,7,7,7,6,7,3,15,4.17,4.67,1.8,3.33,4,3.43,4,3.5,3.33,3.67,3.2,4.5,3.67,3,2,4
6,7,6,7,7,7,1,16,4.17,4.67,1.8,3.33,4,3.43,4,3.5,3.33,3.67,3.2,4.5,3.67,3,2,4
6,7,7,7,6,7,2,17,4.17,4.67,1.8,3.33,4,3.43,4,3.5,3.33,3.67,3.2,4.5,3.67,3,2,4
6,5,5,5,5,6,1,18,4.17,4.67,1.8,3.33,4,3.43,4,3.5,3.33,3.67,3.2,4.5,3.67,3,2,4
6,3,6,6,5,6,1,21,4.17,4.67,1.8,3.33,4,3.43,4,3.5,3.33,3.67,3.2,4.5,3.67,3,2,4
6,6,6,6,6,6,6,23,4.17,4.67,1.8,3.33,4,3.43,4,3.5,3.33,3.67,3.2,4.5,3.67,3,2,4
6,6,6,6,6,7,1,24,4.17,4.67,1.8,3.33,4,3.43,4,3.5,3.33,3.67,3.2,4.5,3.67,3,2,4
6,6,6,6,7,6,2,25,4.17,4.67,1.8,3.33,4,3.43,4,3.5,3.33,3.67,3.2,4.5,3.67,3,2,4
6,6,6,6,6,6,1,26,4.17,4.67,1.8,3.33,4,3.43,4,3.5,3.33,3.67,3.2,4.5,3.67,3,2,4
6,6,6,6,6,6,1,26,4.17,4.67,1.8,3.33,4,3.43,4,3.5,3.33,3.67,3.2,4.5,3.67,3,2,4
6,6,6,6,6,6,1,27,4.17,4.67,1.8,3.33,4,3.43,4,3.5,3.33,3.67,3.2,4.5,3.67,3,2,4
6,6,7,7,5,6,1,28,4.17,4.67,1.8,3.33,4,3.43,4,3.5,3.33,3.67,3.2,4.5,3.67,3,2,4
7,7,7,6,6,6,1,5,4.67,4.67,3.4,6.33,5,4,5,2.83,5,2.67,4,5.25,4,4,4,5
7,6,7,6,6,5,1,6,4.67,4.67,3.4,6.33,5,4,5,2.83,5,2.67,4,5.25,4,4,4,5
7,6,6,6,6,6,1,7,4.67,4.67,3.4,6.33,5,4,5,2.83,5,2.67,4,5.25,4,4,4,5
7,6,2,6,6,6,1,8,4.67,4.67,3.4,6.33,5,4,5,2.83,5,2.67,4,5.25,4,4,4,5
7,6,6,4,6,2,1,10,4.67,4.67,3.4,6.33,5,4,5,2.83,5,2.67,4,5.25,4,4,4,5
7,7,7,7,7,7,1,11,4.67,4.67,3.4,6.33,5,4,5,2.83,5,2.67,4,5.25,4,4,4,5
7,7,5,7,7,7,1,12,4.67,4.67,3.4,6.33,5,4,5,2.83,5,2.67,4,5.25,4,4,4,5
7,7,7,7,7,7,1,13,4.67,4.67,3.4,6.33,5,4,5,2.83,5,2.67,4,5.25,4,4,4,5
7,7,7,7,7,7,1,14,4.67,4.67,3.4,6.33,5,4,5,2.83,5,2.67,4,5.25,4,4,4,5
7,7,7,7,7,7,1,15,4.67,4.67,3.4,6.33,5,4,5,2.83,5,2.67,4,5.25,4,4,4,5
7,7,5,7,7,6,1,16,4.67,4.67,3.4,6.33,5,4,5,2.83,5,2.67,4,5.25,4,4,4,5
7,7,6,6,6,6,1,18,4.67,4.67,3.4,6.33,5,4,5,2.83,5,2.67,4,5.25,4,4,4,5
7,7,7,7,7,6,1,19,4.67,4.67,3.4,6.33,5,4,5,2.83,5,2.67,4,5.25,4,4,4,5
7,7,7,7,7,2,1,21,4.67,4.67,3.4,6.33,5,4,5,2.83,5,2.67,4,5.25,4,4,4,5
7,6,6,6,6,6,1,22,4.67,4.67,3.4,6.33,5,4,5,2.83,5,2.67,4,5.25,4,4,4,5
7,7,7,7,7,7,1,23,4.67,4.67,3.4,6.33,5,4,5,2.83,5,2.67,4,5.25,4,4,4,5
7,7,7,7,7,7,1,24,4.67,4.67,3.4,6.33,5,4,5,2.83,5,2.67,4,5.25,4,4,4,5
7,7,7,7,7,7,1,25,4.67,4.67,3.4,6.33,5,4,5,2.83,5,2.67,4,5.25,4,4,4,5
7,7,7,7,7,7,4,26,4.67,4.67,3.4,6.33,5,4,5,2.83,5,2.67,4,5.25,4,4,4,5
7,7,6,7,7,5,4,27,4.67,4.67,3.4,6.33,5,4,5,2.83,5,2.67,4,5.25,4,4,4,5
7,7,7,7,7,7,1,28,4.67,4.67,3.4,6.33,5,4,5,2.83,5,2.67,4,5.25,4,4,4,5
7,7,4,7,6,4,1,30,4.67,4.67,3.4,6.33,5,4,5,2.83,5,2.67,4,5.25,4,4,4,5
7,7,6,5,6,5,1,32,4.67,4.67,3.4,6.33,5,4,5,2.83,5,2.67,4,5.25,4,4,4,5
7,7,7,7,7,7,1,33,4.67,4.67,3.4,6.33,5,4,5,2.83,5,2.67,4,5.25,4,4,4,5
7,7,7,7,7,7,1,34,4.67,4.67,3.4,6.33,5,4,5,2.83,5,2.67,4,5.25,4,4,4,5
7,7,7,7,7,7,1,36,4.67,4.67,3.4,6.33,5,4,5,2.83,5,2.67,4,5.25,4,4,4,5
7,7,5,7,7,5,1,36,4.67,4.67,3.4,6.33,5,4,5,2.83,5,2.67,4,5.25,4,4,4,5
9,6,3,6,7,6,5,5,4.5,4.67,3.8,5,4,3.57,5,3.67,3.67,4,3.6,5.38,3,4,5,5
9,5,5,6,4,3,6,6,4.5,4.67,3.8,5,4,3.57,5,3.67,3.67,4,3.6,5.38,3,4,5,5
9,4,5,6,3,6,6,7,4.5,4.67,3.8,5,4,3.57,5,3.67,3.67,4,3.6,5.38,3,4,5,5
9,6,4,7,6,5,6,8,4.5,4.67,3.8,5,4,3.57,5,3.67,3.67,4,3.6,5.38,3,4,5,5
9,6,6,6,6,7,2,9,4.5,4.67,3.8,5,4,3.57,5,3.67,3.67,4,3.6,5.38,3,4,5,5
9,6,4,6,6,5,2,11,4.5,4.67,3.8,5,4,3.57,5,3.67,3.67,4,3.6,5.38,3,4,5,5
9,6,6,7,6,6,3,12,4.5,4.67,3.8,5,4,3.57,5,3.67,3.67,4,3.6,5.38,3,4,5,5
9,6,4,6,6,6,4,13,4.5,4.67,3.8,5,4,3.57,5,3.67,3.67,4,3.6,5.38,3,4,5,5
9,6,6,6,5,5,5,14,4.5,4.67,3.8,5,4,3.57,5,3.67,3.67,4,3.6,5.38,3,4,5,5
9,6,4,6,6,6,4,15,4.5,4.67,3.8,5,4,3.57,5,3.67,3.67,4,3.6,5.38,3,4,5,5
9,6,6,6,6,6,2,18,4.5,4.67,3.8,5,4,3.57,5,3.67,3.67,4,3.6,5.38,3,4,5,5
9,6,6,6,7,4,2,20,4.5,4.67,3.8,5,4,3.57,5,3.67,3.67,4,3.6,5.38,3,4,5,5
9,6,5,6,6,6,3,21,4.5,4.67,3.8,5,4,3.57,5,3.67,3.67,4,3.6,5.38,3,4,5,5
9,6,6,6,7,6,2,23,4.5,4.67,3.8,5,4,3.57,5,3.67,3.67,4,3.6,5.38,3,4,5,5
9,5,2,3,4,3,2,23,4.5,4.67,3.8,5,4,3.57,5,3.67,3.67,4,3.6,5.38,3,4,5,5
9,4,2,4,4,3,4,26,4.5,4.67,3.8,5,4,3.57,5,3.67,3.67,4,3.6,5.38,3,4,5,5
9,6,5,7,7,4,1,27,4.5,4.67,3.8,5,4,3.57,5,3.67,3.67,4,3.6,5.38,3,4,5,5
9,6,6,4,6,6,1,27,4.5,4.67,3.8,5,4,3.57,5,3.67,3.67,4,3.6,5.38,3,4,5,5
9,6,6,6,6,6,2,28,4.5,4.67,3.8,5,4,3.57,5,3.67,3.67,4,3.6,5.38,3,4,5,5
9,7,6,6,7,7,2,30,4.5,4.67,3.8,5,4,3.57,5,3.67,3.67,4,3.6,5.38,3,4,5,5
9,6,6,4,6,6,2,33,4.5,4.67,3.8,5,4,3.57,5,3.67,3.67,4,3.6,5.38,3,4,5,5
9,6,6,7,6,6,2,34,4.5,4.67,3.8,5,4,3.57,5,3.67,3.67,4,3.6,5.38,3,4,5,5
9,6,5,7,6,4,2,35,4.5,4.67,3.8,5,4,3.57,5,3.67,3.67,4,3.6,5.38,3,4,5,5
10,5,3,6,5,3,5,6,3.17,4.67,2.8,5,4,3.71,4,2.83,4.33,4,3.8,4.63,4.33,4.25,4.5,5
10,6,6,6,6,6,2,7,3.17,4.67,2.8,5,4,3.71,4,2.83,4.33,4,3.8,4.63,4.33,4.25,4.5,5
10,7,6,6,6,6,2,8,3.17,4.67,2.8,5,4,3.71,4,2.83,4.33,4,3.8,4.63,4.33,4.25,4.5,5
10,6,6,6,6,6,2,10,3.17,4.67,2.8,5,4,3.71,4,2.83,4.33,4,3.8,4.63,4.33,4.25,4.5,5
10,5,4,5,5,4,3,10,3.17,4.67,2.8,5,4,3.71,4,2.83,4.33,4,3.8,4.63,4.33,4.25,4.5,5
10,6,6,6,6,6,2,12,3.17,4.67,2.8,5,4,3.71,4,2.83,4.33,4,3.8,4.63,4.33,4.25,4.5,5
10,6,5,6,7,7,1,13,3.17,4.67,2.8,5,4,3.71,4,2.83,4.33,4,3.8,4.63,4.33,4.25,4.5,5
10,6,6,6,6,5,2,15,3.17,4.67,2.8,5,4,3.71,4,2.83,4.33,4,3.8,4.63,4.33,4.25,4.5,5
10,6,6,6,6,6,1,17,3.17,4.67,2.8,5,4,3.71,4,2.83,4.33,4,3.8,4.63,4.33,4.25,4.5,5
10,6,3,6,6,2,2,18,3.17,4.67,2.8,5,4,3.71,4,2.83,4.33,4,3.8,4.63,4.33,4.25,4.5,5
10,6,4,4,6,7,1,19,3.17,4.67,2.8,5,4,3.71,4,2.83,4.33,4,3.8,4.63,4.33,4.25,4.5,5
10,7,6,7,7,7,1,21,3.17,4.67,2.8,5,4,3.71,4,2.83,4.33,4,3.8,4.63,4.33,4.25,4.5,5
10,6,6,7,7,6,1,22,3.17,4.67,2.8,5,4,3.71,4,2.83,4.33,4,3.8,4.63,4.33,4.25,4.5,5
10,6,5,6,6,6,2,23,3.17,4.67,2.8,5,4,3.71,4,2.83,4.33,4,3.8,4.63,4.33,4.25,4.5,5
10,7,7,7,7,7,1,24,3.17,4.67,2.8,5,4,3.71,4,2.83,4.33,4,3.8,4.63,4.33,4.25,4.5,5
10,7,5,5,6,5,2,26,3.17,4.67,2.8,5,4,3.71,4,2.83,4.33,4,3.8,4.63,4.33,4.25,4.5,5
10,7,7,7,7,7,1,27,3.17,4.67,2.8,5,4,3.71,4,2.83,4.33,4,3.8,4.63,4.33,4.25,4.5,5
10,6,5,6,6,7,2,28,3.17,4.67,2.8,5,4,3.71,4,2.83,4.33,4,3.8,4.63,4.33,4.25,4.5,5
10,6,5,6,6,6,1,30,3.17,4.67,2.8,5,4,3.71,4,2.83,4.33,4,3.8,4.63,4.33,4.25,4.5,5
10,7,6,7,7,6,1,31,3.17,4.67,2.8,5,4,3.71,4,2.83,4.33,4,3.8,4.63,4.33,4.25,4.5,5
10,7,7,7,7,7,1,33,3.17,4.67,2.8,5,4,3.71,4,2.83,4.33,4,3.8,4.63,4.33,4.25,4.5,5
10,5,5,6,6,5,3,34,3.17,4.67,2.8,5,4,3.71,4,2.83,4.33,4,3.8,4.63,4.33,4.25,4.5,5
10,7,7,7,7,7,1,36,3.17,4.67,2.8,5,4,3.71,4,2.83,4.33,4,3.8,4.63,4.33,4.25,4.5,5
11,7,6,6,7,3,1,5,4.17,3,2,7,4,4.86,3.33,3,4.33,4,4.8,3.38,4,2.75,1,5
11,6,6,6,6,6,2,6,4.17,3,2,7,4,4.86,3.33,3,4.33,4,4.8,3.38,4,2.75,1,5
11,5,5,6,6,6,2,7,4.17,3,2,7,4,4.86,3.33,3,4.33,4,4.8,3.38,4,2.75,1,5
11,6,6,6,6,5,1,8,4.17,3,2,7,4,4.86,3.33,3,4.33,4,4.8,3.38,4,2.75,1,5
11,6,6,6,6,6,1,9,4.17,3,2,7,4,4.86,3.33,3,4.33,4,4.8,3.38,4,2.75,1,5
11,6,6,5,6,2,2,10,4.17,3,2,7,4,4.86,3.33,3,4.33,4,4.8,3.38,4,2.75,1,5
11,6,5,5,6,2,1,11,4.17,3,2,7,4,4.86,3.33,3,4.33,4,4.8,3.38,4,2.75,1,5
11,6,6,6,7,7,1,12,4.17,3,2,7,4,4.86,3.33,3,4.33,4,4.8,3.38,4,2.75,1,5
11,6,6,5,6,5,1,13,4.17,3,2,7,4,4.86,3.33,3,4.33,4,4.8,3.38,4,2.75,1,5
11,6,6,5,6,7,1,14,4.17,3,2,7,4,4.86,3.33,3,4.33,4,4.8,3.38,4,2.75,1,5
11,6,6,6,6,5,1,15,4.17,3,2,7,4,4.86,3.33,3,4.33,4,4.8,3.38,4,2.75,1,5
11,6,6,6,7,5,1,16,4.17,3,2,7,4,4.86,3.33,3,4.33,4,4.8,3.38,4,2.75,1,5
11,6,6,6,6,7,1,17,4.17,3,2,7,4,4.86,3.33,3,4.33,4,4.8,3.38,4,2.75,1,5
11,6,7,6,6,6,1,18,4.17,3,2,7,4,4.86,3.33,3,4.33,4,4.8,3.38,4,2.75,1,5
11,6,6,5,6,5,1,19,4.17,3,2,7,4,4.86,3.33,3,4.33,4,4.8,3.38,4,2.75,1,5
11,6,6,6,6,6,1,21,4.17,3,2,7,4,4.86,3.33,3,4.33,4,4.8,3.38,4,2.75,1,5
11,5,3,4,5,5,1,22,4.17,3,2,7,4,4.86,3.33,3,4.33,4,4.8,3.38,4,2.75,1,5
11,6,6,6,6,7,2,23,4.17,3,2,7,4,4.86,3.33,3,4.33,4,4.8,3.38,4,2.75,1,5
11,4,6,2,6,3,2,24,4.17,3,2,7,4,4.86,3.33,3,4.33,4,4.8,3.38,4,2.75,1,5
11,5,3,5,5,3,4,25,4.17,3,2,7,4,4.86,3.33,3,4.33,4,4.8,3.38,4,2.75,1,5
11,6,4,5,6,5,2,26,4.17,3,2,7,4,4.86,3.33,3,4.33,4,4.8,3.38,4,2.75,1,5
11,6,6,6,6,6,1,27,4.17,3,2,7,4,4.86,3.33,3,4.33,4,4.8,3.38,4,2.75,1,5
11,6,6,6,6,5,2,29,4.17,3,2,7,4,4.86,3.33,3,4.33,4,4.8,3.38,4,2.75,1,5
11,5,5,4,6,3,3,29,4.17,3,2,7,4,4.86,3.33,3,4.33,4,4.8,3.38,4,2.75,1,5
11,4,2,3,6,4,2,31,4.17,3,2,7,4,4.86,3.33,3,4.33,4,4.8,3.38,4,2.75,1,5
11,4,2,3,6,4,2,31,4.17,3,2,7,4,4.86,3.33,3,4.33,4,4.8,3.38,4,2.75,1,5
11,6,5,6,6,5,2,32,4.17,3,2,7,4,4.86,3.33,3,4.33,4,4.8,3.38,4,2.75,1,5
12,5,5,4,6,6,2,5,3,4,2.6,5.83,3,3.43,2.67,2.17,3.67,3,3.6,4.38,4,3.75,4.5,5
12,6,6,6,6,6,2,8,3,4,2.6,5.83,3,3.43,2.67,2.17,3.67,3,3.6,4.38,4,3.75,4.5,5
12,6,6,6,6,6,2,10,3,4,2.6,5.83,3,3.43,2.67,2.17,3.67,3,3.6,4.38,4,3.75,4.5,5
12,6,6,5,6,6,2,10,3,4,2.6,5.83,3,3.43,2.67,2.17,3.67,3,3.6,4.38,4,3.75,4.5,5
12,4,3,5,5,3,3,11,3,4,2.6,5.83,3,3.43,2.67,2.17,3.67,3,3.6,4.38,4,3.75,4.5,5
12,6,6,6,6,6,2,12,3,4,2.6,5.83,3,3.43,2.67,2.17,3.67,3,3.6,4.38,4,3.75,4.5,5
12,4,3,4,4,4,3,13,3,4,2.6,5.83,3,3.43,2.67,2.17,3.67,3,3.6,4.38,4,3.75,4.5,5
12,6,5,6,5,5,2,14,3,4,2.6,5.83,3,3.43,2.67,2.17,3.67,3,3.6,4.38,4,3.75,4.5,5
12,6,5,6,6,5,2,15,3,4,2.6,5.83,3,3.43,2.67,2.17,3.67,3,3.6,4.38,4,3.75,4.5,5
12,5,4,5,6,6,2,16,3,4,2.6,5.83,3,3.43,2.67,2.17,3.67,3,3.6,4.38,4,3.75,4.5,5
12,6,5,4,5,5,2,17,3,4,2.6,5.83,3,3.43,2.67,2.17,3.67,3,3.6,4.38,4,3.75,4.5,5
12,6,5,5,5,2,2,18,3,4,2.6,5.83,3,3.43,2.67,2.17,3.67,3,3.6,4.38,4,3.75,4.5,5
12,6,6,6,6,6,2,19,3,4,2.6,5.83,3,3.43,2.67,2.17,3.67,3,3.6,4.38,4,3.75,4.5,5
12,6,6,6,6,4,2,22,3,4,2.6,5.83,3,3.43,2.67,2.17,3.67,3,3.6,4.38,4,3.75,4.5,5
12,6,6,6,6,5,2,23,3,4,2.6,5.83,3,3.43,2.67,2.17,3.67,3,3.6,4.38,4,3.75,4.5,5
12,6,6,6,6,3,2,23,3,4,2.6,5.83,3,3.43,2.67,2.17,3.67,3,3.6,4.38,4,3.75,4.5,5
12,6,6,6,5,6,4,24,3,4,2.6,5.83,3,3.43,2.67,2.17,3.67,3,3.6,4.38,4,3.75,4.5,5
12,6,4,5,5,3,3,25,3,4,2.6,5.83,3,3.43,2.67,2.17,3.67,3,3.6,4.38,4,3.75,4.5,5
12,3,4,3,3,5,2,26,3,4,2.6,5.83,3,3.43,2.67,2.17,3.67,3,3.6,4.38,4,3.75,4.5,5
12,6,6,6,6,6,2,27,3,4,2.6,5.83,3,3.43,2.67,2.17,3.67,3,3.6,4.38,4,3.75,4.5,5
12,6,5,4,4,4,3,28,3,4,2.6,5.83,3,3.43,2.67,2.17,3.67,3,3.6,4.38,4,3.75,4.5,5
12,3,3,4,3,4,2,30,3,4,2.6,5.83,3,3.43,2.67,2.17,3.67,3,3.6,4.38,4,3.75,4.5,5
12,6,6,6,6,7,2,31,3,4,2.6,5.83,3,3.43,2.67,2.17,3.67,3,3.6,4.38,4,3.75,4.5,5
12,6,6,6,6,7,2,31,3,4,2.6,5.83,3,3.43,2.67,2.17,3.67,3,3.6,4.38,4,3.75,4.5,5
12,6,5,5,5,5,2,32,3,4,2.6,5.83,3,3.43,2.67,2.17,3.67,3,3.6,4.38,4,3.75,4.5,5
12,6,6,6,6,6,2,33,3,4,2.6,5.83,3,3.43,2.67,2.17,3.67,3,3.6,4.38,4,3.75,4.5,5
12,5,4,5,5,6,2,34,3,4,2.6,5.83,3,3.43,2.67,2.17,3.67,3,3.6,4.38,4,3.75,4.5,5
12,4,4,4,4,5,2,35,3,4,2.6,5.83,3,3.43,2.67,2.17,3.67,3,3.6,4.38,4,3.75,4.5,5
12,6,5,5,5,5,2,36,3,4,2.6,5.83,3,3.43,2.67,2.17,3.67,3,3.6,4.38,4,3.75,4.5,5
13,7,7,6,7,7,1,6,3.83,4,3,4.83,5,3.57,4,2.83,3.33,3,3.8,4.88,3.67,3.25,4,4
13,7,7,6,6,6,1,6,3.83,4,3,4.83,5,3.57,4,2.83,3.33,3,3.8,4.88,3.67,3.25,4,4
13,7,7,5,6,7,1,7,3.83,4,3,4.83,5,3.57,4,2.83,3.33,3,3.8,4.88,3.67,3.25,4,4
13,7,7,6,7,7,2,9,3.83,4,3,4.83,5,3.57,4,2.83,3.33,3,3.8,4.88,3.67,3.25,4,4
13,7,7,6,7,7,1,9,3.83,4,3,4.83,5,3.57,4,2.83,3.33,3,3.8,4.88,3.67,3.25,4,4
13,7,7,7,7,7,1,10,3.83,4,3,4.83,5,3.57,4,2.83,3.33,3,3.8,4.88,3.67,3.25,4,4
13,6,5,5,5,2,1,11,3.83,4,3,4.83,5,3.57,4,2.83,3.33,3,3.8,4.88,3.67,3.25,4,4
13,7,7,7,7,7,1,12,3.83,4,3,4.83,5,3.57,4,2.83,3.33,3,3.8,4.88,3.67,3.25,4,4
13,6,5,4,6,6,1,13,3.83,4,3,4.83,5,3.57,4,2.83,3.33,3,3.8,4.88,3.67,3.25,4,4
13,7,6,6,6,7,1,14,3.83,4,3,4.83,5,3.57,4,2.83,3.33,3,3.8,4.88,3.67,3.25,4,4
13,6,6,6,6,6,1,16,3.83,4,3,4.83,5,3.57,4,2.83,3.33,3,3.8,4.88,3.67,3.25,4,4
13,7,7,7,7,7,1,19,3.83,4,3,4.83,5,3.57,4,2.83,3.33,3,3.8,4.88,3.67,3.25,4,4
13,7,6,6,7,5,6,21,3.83,4,3,4.83,5,3.57,4,2.83,3.33,3,3.8,4.88,3.67,3.25,4,4
13,6,5,6,6,6,1,25,3.83,4,3,4.83,5,3.57,4,2.83,3.33,3,3.8,4.88,3.67,3.25,4,4
13,3,3,1,6,6,1,27,3.83,4,3,4.83,5,3.57,4,2.83,3.33,3,3.8,4.88,3.67,3.25,4,4
13,6,6,6,6,6,2,27,3.83,4,3,4.83,5,3.57,4,2.83,3.33,3,3.8,4.88,3.67,3.25,4,4
13,7,7,7,7,6,1,34,3.83,4,3,4.83,5,3.57,4,2.83,3.33,3,3.8,4.88,3.67,3.25,4,4
14,6,3,6,6,6,2,5,2.17,2.67,1.4,4.67,3,3.71,3.33,2.33,4,3.33,3.8,4.63,3,3.5,4,4
14,5,6,6,6,2,2,6,2.17,2.67,1.4,4.67,3,3.71,3.33,2.33,4,3.33,3.8,4.63,3,3.5,4,4
14,6,6,6,6,7,3,7,2.17,2.67,1.4,4.67,3,3.71,3.33,2.33,4,3.33,3.8,4.63,3,3.5,4,4
14,6,6,6,6,7,5,8,2.17,2.67,1.4,4.67,3,3.71,3.33,2.33,4,3.33,3.8,4.63,3,3.5,4,4
14,6,6,6,6,7,2,9,2.17,2.67,1.4,4.67,3,3.71,3.33,2.33,4,3.33,3.8,4.63,3,3.5,4,4
14,2,5,5,2,6,6,10,2.17,2.67,1.4,4.67,3,3.71,3.33,2.33,4,3.33,3.8,4.63,3,3.5,4,4
14,2,2,6,2,6,4,11,2.17,2.67,1.4,4.67,3,3.71,3.33,2.33,4,3.33,3.8,4.63,3,3.5,4,4
14,1,2,2,2,2,6,12,2.17,2.67,1.4,4.67,3,3.71,3.33,2.33,4,3.33,3.8,4.63,3,3.5,4,4
14,5,5,6,5,6,4,14,2.17,2.67,1.4,4.67,3,3.71,3.33,2.33,4,3.33,3.8,4.63,3,3.5,4,4
14,2,6,6,5,6,6,15,2.17,2.67,1.4,4.67,3,3.71,3.33,2.33,4,3.33,3.8,4.63,3,3.5,4,4
14,5,3,6,2,6,6,16,2.17,2.67,1.4,4.67,3,3.71,3.33,2.33,4,3.33,3.8,4.63,3,3.5,4,4
14,5,5,5,5,6,5,18,2.17,2.67,1.4,4.67,3,3.71,3.33,2.33,4,3.33,3.8,4.63,3,3.5,4,4
14,6,6,6,6,6,2,19,2.17,2.67,1.4,4.67,3,3.71,3.33,2.33,4,3.33,3.8,4.63,3,3.5,4,4
14,6,6,5,6,5,5,19,2.17,2.67,1.4,4.67,3,3.71,3.33,2.33,4,3.33,3.8,4.63,3,3.5,4,4
14,6,6,6,5,6,5,21,2.17,2.67,1.4,4.67,3,3.71,3.33,2.33,4,3.33,3.8,4.63,3,3.5,4,4
15,6,6,6,6,6,2,5,3.5,5,2.6,5.83,4,4.29,4,2.33,3.67,3,3.8,4.38,3,3,5,5
15,6,6,6,6,6,3,6,3.5,5,2.6,5.83,4,4.29,4,2.33,3.67,3,3.8,4.38,3,3,5,5
15,6,6,5,5,6,4,7,3.5,5,2.6,5.83,4,4.29,4,2.33,3.67,3,3.8,4.38,3,3,5,5
15,6,6,6,6,6,3,9,3.5,5,2.6,5.83,4,4.29,4,2.33,3.67,3,3.8,4.38,3,3,5,5
15,6,7,7,7,7,2,9,3.5,5,2.6,5.83,4,4.29,4,2.33,3.67,3,3.8,4.38,3,3,5,5
15,6,6,6,6,6,2,10,3.5,5,2.6,5.83,4,4.29,4,2.33,3.67,3,3.8,4.38,3,3,5,5
15,6,6,6,6,5,2,11,3.5,5,2.6,5.83,4,4.29,4,2.33,3.67,3,3.8,4.38,3,3,5,5
15,6,7,7,7,6,2,12,3.5,5,2.6,5.83,4,4.29,4,2.33,3.67,3,3.8,4.38,3,3,5,5
15,6,5,7,7,7,2,13,3.5,5,2.6,5.83,4,4.29,4,2.33,3.67,3,3.8,4.38,3,3,5,5
15,7,7,7,7,7,3,14,3.5,5,2.6,5.83,4,4.29,4,2.33,3.67,3,3.8,4.38,3,3,5,5
15,6,6,6,6,3,3,15,3.5,5,2.6,5.83,4,4.29,4,2.33,3.67,3,3.8,4.38,3,3,5,5
15,6,6,6,6,6,3,17,3.5,5,2.6,5.83,4,4.29,4,2.33,3.67,3,3.8,4.38,3,3,5,5
15,6,6,6,6,6,3,17,3.5,5,2.6,5.83,4,4.29,4,2.33,3.67,3,3.8,4.38,3,3,5,5
15,6,6,6,7,6,3,19,3.5,5,2.6,5.83,4,4.29,4,2.33,3.67,3,3.8,4.38,3,3,5,5
15,6,6,6,6,2,5,21,3.5,5,2.6,5.83,4,4.29,4,2.33,3.67,3,3.8,4.38,3,3,5,5
15,6,6,6,6,3,3,23,3.5,5,2.6,5.83,4,4.29,4,2.33,3.67,3,3.8,4.38,3,3,5,5
15,5,5,6,6,3,3,24,3.5,5,2.6,5.83,4,4.29,4,2.33,3.67,3,3.8,4.38,3,3,5,5
15,6,5,5,5,6,3,26,3.5,5,2.6,5.83,4,4.29,4,2.33,3.67,3,3.8,4.38,3,3,5,5
15,7,7,7,7,7,2,27,3.5,5,2.6,5.83,4,4.29,4,2.33,3.67,3,3.8,4.38,3,3,5,5
15,6,6,6,6,6,2,28,3.5,5,2.6,5.83,4,4.29,4,2.33,3.67,3,3.8,4.38,3,3,5,5
15,6,5,4,5,4,4,30,3.5,5,2.6,5.83,4,4.29,4,2.33,3.67,3,3.8,4.38,3,3,5,5
15,6,5,5,5,5,2,32,3.5,5,2.6,5.83,4,4.29,4,2.33,3.67,3,3.8,4.38,3,3,5,5
15,6,6,5,7,7,2,33,3.5,5,2.6,5.83,4,4.29,4,2.33,3.67,3,3.8,4.38,3,3,5,5
15,5,5,5,5,3,3,35,3.5,5,2.6,5.83,4,4.29,4,2.33,3.67,3,3.8,4.38,3,3,5,5
15,6,5,6,6,6,2,36,3.5,5,2.6,5.83,4,4.29,4,2.33,3.67,3,3.8,4.38,3,3,5,5
16,6,6,6,6,5,3,5,2.67,3,2.6,3.17,2.33,2.71,2,1.83,2.67,2.33,2.6,2.25,3.67,2.5,4,3
16,6,6,6,6,6,5,6,2.67,3,2.6,3.17,2.33,2.71,2,1.83,2.67,2.33,2.6,2.25,3.67,2.5,4,3
16,6,6,6,6,6,5,7,2.67,3,2.6,3.17,2.33,2.71,2,1.83,2.67,2.33,2.6,2.25,3.67,2.5,4,3
16,6,5,6,6,5,2,8,2.67,3,2.6,3.17,2.33,2.71,2,1.83,2.67,2.33,2.6,2.25,3.67,2.5,4,3
16,6,6,6,6,5,4,10,2.67,3,2.6,3.17,2.33,2.71,2,1.83,2.67,2.33,2.6,2.25,3.67,2.5,4,3
16,4,3,3,5,2,2,11,2.67,3,2.6,3.17,2.33,2.71,2,1.83,2.67,2.33,2.6,2.25,3.67,2.5,4,3
16,6,6,6,6,5,4,14,2.67,3,2.6,3.17,2.33,2.71,2,1.83,2.67,2.33,2.6,2.25,3.67,2.5,4,3
16,5,5,6,5,5,2,15,2.67,3,2.6,3.17,2.33,2.71,2,1.83,2.67,2.33,2.6,2.25,3.67,2.5,4,3
16,6,5,6,6,5,5,17,2.67,3,2.6,3.17,2.33,2.71,2,1.83,2.67,2.33,2.6,2.25,3.67,2.5,4,3
16,6,6,6,6,2,2,18,2.67,3,2.6,3.17,2.33,2.71,2,1.83,2.67,2.33,2.6,2.25,3.67,2.5,4,3
16,6,5,6,5,2,2,18,2.67,3,2.6,3.17,2.33,2.71,2,1.83,2.67,2.33,2.6,2.25,3.67,2.5,4,3
16,6,6,6,5,5,2,19,2.67,3,2.6,3.17,2.33,2.71,2,1.83,2.67,2.33,2.6,2.25,3.67,2.5,4,3
16,6,6,6,6,3,5,22,2.67,3,2.6,3.17,2.33,2.71,2,1.83,2.67,2.33,2.6,2.25,3.67,2.5,4,3
16,6,6,6,6,5,2,24,2.67,3,2.6,3.17,2.33,2.71,2,1.83,2.67,2.33,2.6,2.25,3.67,2.5,4,3
16,6,6,6,6,6,2,25,2.67,3,2.6,3.17,2.33,2.71,2,1.83,2.67,2.33,2.6,2.25,3.67,2.5,4,3
16,6,6,6,6,6,3,26,2.67,3,2.6,3.17,2.33,2.71,2,1.83,2.67,2.33,2.6,2.25,3.67,2.5,4,3
16,6,6,6,6,6,3,29,2.67,3,2.6,3.17,2.33,2.71,2,1.83,2.67,2.33,2.6,2.25,3.67,2.5,4,3
16,6,6,6,6,6,2,31,2.67,3,2.6,3.17,2.33,2.71,2,1.83,2.67,2.33,2.6,2.25,3.67,2.5,4,3
17,5,6,6,6,2,2,5,4,4,1.6,4.5,4,3.57,4,2.83,4,3.33,3.6,4.63,4,2.75,4,4
17,6,6,5,6,6,2,6,4,4,1.6,4.5,4,3.57,4,2.83,4,3.33,3.6,4.63,4,2.75,4,4
17,6,6,6,6,5,2,7,4,4,1.6,4.5,4,3.57,4,2.83,4,3.33,3.6,4.63,4,2.75,4,4
17,6,6,6,6,6,2,8,4,4,1.6,4.5,4,3.57,4,2.83,4,3.33,3.6,4.63,4,2.75,4,4
17,6,6,6,6,6,2,9,4,4,1.6,4.5,4,3.57,4,2.83,4,3.33,3.6,4.63,4,2.75,4,4
17,6,6,6,6,6,2,10,4,4,1.6,4.5,4,3.57,4,2.83,4,3.33,3.6,4.63,4,2.75,4,4
17,6,6,6,6,5,2,11,4,4,1.6,4.5,4,3.57,4,2.83,4,3.33,3.6,4.63,4,2.75,4,4
17,6,6,6,6,6,2,12,4,4,1.6,4.5,4,3.57,4,2.83,4,3.33,3.6,4.63,4,2.75,4,4
17,6,6,6,6,6,2,13,4,4,1.6,4.5,4,3.57,4,2.83,4,3.33,3.6,4.63,4,2.75,4,4
17,6,6,6,6,6,2,14,4,4,1.6,4.5,4,3.57,4,2.83,4,3.33,3.6,4.63,4,2.75,4,4
17,6,6,6,6,5,2,15,4,4,1.6,4.5,4,3.57,4,2.83,4,3.33,3.6,4.63,4,2.75,4,4
17,6,6,6,6,7,2,16,4,4,1.6,4.5,4,3.57,4,2.83,4,3.33,3.6,4.63,4,2.75,4,4
17,6,6,6,6,6,2,17,4,4,1.6,4.5,4,3.57,4,2.83,4,3.33,3.6,4.63,4,2.75,4,4
17,6,5,5,4,4,2,18,4,4,1.6,4.5,4,3.57,4,2.83,4,3.33,3.6,4.63,4,2.75,4,4
17,5,5,6,5,4,1,19,4,4,1.6,4.5,4,3.57,4,2.83,4,3.33,3.6,4.63,4,2.75,4,4
17,6,5,6,5,4,1,22,4,4,1.6,4.5,4,3.57,4,2.83,4,3.33,3.6,4.63,4,2.75,4,4
17,5,5,5,4,4,1,22,4,4,1.6,4.5,4,3.57,4,2.83,4,3.33,3.6,4.63,4,2.75,4,4
17,6,6,5,5,5,1,23,4,4,1.6,4.5,4,3.57,4,2.83,4,3.33,3.6,4.63,4,2.75,4,4
17,5,5,5,4,5,1,24,4,4,1.6,4.5,4,3.57,4,2.83,4,3.33,3.6,4.63,4,2.75,4,4
17,5,6,6,4,5,1,25,4,4,1.6,4.5,4,3.57,4,2.83,4,3.33,3.6,4.63,4,2.75,4,4
17,6,6,4,6,3,1,26,4,4,1.6,4.5,4,3.57,4,2.83,4,3.33,3.6,4.63,4,2.75,4,4
17,6,6,5,4,6,1,27,4,4,1.6,4.5,4,3.57,4,2.83,4,3.33,3.6,4.63,4,2.75,4,4
17,6,6,4,4,6,1,28,4,4,1.6,4.5,4,3.57,4,2.83,4,3.33,3.6,4.63,4,2.75,4,4
17,6,6,4,6,2,1,29,4,4,1.6,4.5,4,3.57,4,2.83,4,3.33,3.6,4.63,4,2.75,4,4
17,6,5,6,5,6,1,30,4,4,1.6,4.5,4,3.57,4,2.83,4,3.33,3.6,4.63,4,2.75,4,4
17,6,6,6,6,6,1,31,4,4,1.6,4.5,4,3.57,4,2.83,4,3.33,3.6,4.63,4,2.75,4,4
17,6,6,6,6,5,1,32,4,4,1.6,4.5,4,3.57,4,2.83,4,3.33,3.6,4.63,4,2.75,4,4
17,6,6,6,6,6,1,33,4,4,1.6,4.5,4,3.57,4,2.83,4,3.33,3.6,4.63,4,2.75,4,4
17,6,6,6,6,6,1,34,4,4,1.6,4.5,4,3.57,4,2.83,4,3.33,3.6,4.63,4,2.75,4,4
17,2,2,2,2,2,1,35,4,4,1.6,4.5,4,3.57,4,2.83,4,3.33,3.6,4.63,4,2.75,4,4
17,2,2,2,2,2,1,36,4,4,1.6,4.5,4,3.57,4,2.83,4,3.33,3.6,4.63,4,2.75,4,4
17,2,2,2,4,2,1,37,4,4,1.6,4.5,4,3.57,4,2.83,4,3.33,3.6,4.63,4,2.75,4,4
18,6,6,6,6,6,1,5,3,3.67,2,4,2.67,2.86,4,2.67,3.33,1.67,3,3.38,4,3,4,4
18,6,5,5,3,5,2,6,3,3.67,2,4,2.67,2.86,4,2.67,3.33,1.67,3,3.38,4,3,4,4
18,6,5,5,5,6,2,8,3,3.67,2,4,2.67,2.86,4,2.67,3.33,1.67,3,3.38,4,3,4,4
18,6,6,3,3,6,2,8,3,3.67,2,4,2.67,2.86,4,2.67,3.33,1.67,3,3.38,4,3,4,4
18,6,6,6,3,6,2,9,3,3.67,2,4,2.67,2.86,4,2.67,3.33,1.67,3,3.38,4,3,4,4
18,6,6,3,5,2,2,10,3,3.67,2,4,2.67,2.86,4,2.67,3.33,1.67,3,3.38,4,3,4,4
18,6,5,4,4,2,1,11,3,3.67,2,4,2.67,2.86,4,2.67,3.33,1.67,3,3.38,4,3,4,4
18,6,3,6,3,6,2,12,3,3.67,2,4,2.67,2.86,4,2.67,3.33,1.67,3,3.38,4,3,4,4
18,6,3,6,5,6,2,14,3,3.67,2,4,2.67,2.86,4,2.67,3.33,1.67,3,3.38,4,3,4,4
18,6,5,6,5,6,2,15,3,3.67,2,4,2.67,2.86,4,2.67,3.33,1.67,3,3.38,4,3,4,4
18,6,6,6,5,6,2,17,3,3.67,2,4,2.67,2.86,4,2.67,3.33,1.67,3,3.38,4,3,4,4
18,6,3,5,5,6,2,18,3,3.67,2,4,2.67,2.86,4,2.67,3.33,1.67,3,3.38,4,3,4,4
18,5,3,3,5,5,2,18,3,3.67,2,4,2.67,2.86,4,2.67,3.33,1.67,3,3.38,4,3,4,4
18,5,5,7,6,6,1,19,3,3.67,2,4,2.67,2.86,4,2.67,3.33,1.67,3,3.38,4,3,4,4
18,6,6,5,5,6,2,22,3,3.67,2,4,2.67,2.86,4,2.67,3.33,1.67,3,3.38,4,3,4,4
18,6,6,6,6,6,2,22,3,3.67,2,4,2.67,2.86,4,2.67,3.33,1.67,3,3.38,4,3,4,4
18,6,5,6,6,6,3,23,3,3.67,2,4,2.67,2.86,4,2.67,3.33,1.67,3,3.38,4,3,4,4
18,6,6,6,6,2,5,25,3,3.67,2,4,2.67,2.86,4,2.67,3.33,1.67,3,3.38,4,3,4,4
18,6,6,5,2,6,2,26,3,3.67,2,4,2.67,2.86,4,2.67,3.33,1.67,3,3.38,4,3,4,4
18,6,5,5,5,6,2,27,3,3.67,2,4,2.67,2.86,4,2.67,3.33,1.67,3,3.38,4,3,4,4
18,6,6,6,3,3,5,29,3,3.67,2,4,2.67,2.86,4,2.67,3.33,1.67,3,3.38,4,3,4,4
18,5,6,6,5,6,2,30,3,3.67,2,4,2.67,2.86,4,2.67,3.33,1.67,3,3.38,4,3,4,4
18,6,6,6,6,5,2,32,3,3.67,2,4,2.67,2.86,4,2.67,3.33,1.67,3,3.38,4,3,4,4
18,6,6,6,6,7,1,33,3,3.67,2,4,2.67,2.86,4,2.67,3.33,1.67,3,3.38,4,3,4,4
18,6,6,6,5,6,2,34,3,3.67,2,4,2.67,2.86,4,2.67,3.33,1.67,3,3.38,4,3,4,4
18,6,5,6,5,6,2,37,3,3.67,2,4,2.67,2.86,4,2.67,3.33,1.67,3,3.38,4,3,4,4
19,6,6,6,6,6,3,5,2.5,3.67,2.8,5.67,4,3.57,3.33,2.33,4,3.67,3.6,4.38,4,4,5,5
19,6,6,5,6,6,2,6,2.5,3.67,2.8,5.67,4,3.57,3.33,2.33,4,3.67,3.6,4.38,4,4,5,5
19,7,6,7,7,7,2,7,2.5,3.67,2.8,5.67,4,3.57,3.33,2.33,4,3.67,3.6,4.38,4,4,5,5
19,2,5,3,6,3,6,10,2.5,3.67,2.8,5.67,4,3.57,3.33,2.33,4,3.67,3.6,4.38,4,4,5,5
19,7,5,6,7,3,2,11,2.5,3.67,2.8,5.67,4,3.57,3.33,2.33,4,3.67,3.6,4.38,4,4,5,5
19,6,5,6,6,2,2,12,2.5,3.67,2.8,5.67,4,3.57,3.33,2.33,4,3.67,3.6,4.38,4,4,5,5
19,6,6,6,6,6,2,13,2.5,3.67,2.8,5.67,4,3.57,3.33,2.33,4,3.67,3.6,4.38,4,4,5,5
19,6,6,6,6,6,2,14,2.5,3.67,2.8,5.67,4,3.57,3.33,2.33,4,3.67,3.6,4.38,4,4,5,5
19,6,7,6,6,6,3,15,2.5,3.67,2.8,5.67,4,3.57,3.33,2.33,4,3.67,3.6,4.38,4,4,5,5
19,6,7,6,6,6,2,16,2.5,3.67,2.8,5.67,4,3.57,3.33,2.33,4,3.67,3.6,4.38,4,4,5,5
19,7,6,7,7,5,1,18,2.5,3.67,2.8,5.67,4,3.57,3.33,2.33,4,3.67,3.6,4.38,4,4,5,5
19,7,6,6,7,5,1,18,2.5,3.67,2.8,5.67,4,3.57,3.33,2.33,4,3.67,3.6,4.38,4,4,5,5
19,6,5,5,6,5,2,19,2.5,3.67,2.8,5.67,4,3.57,3.33,2.33,4,3.67,3.6,4.38,4,4,5,5
19,6,6,6,6,6,2,21,2.5,3.67,2.8,5.67,4,3.57,3.33,2.33,4,3.67,3.6,4.38,4,4,5,5
19,6,7,6,6,7,1,22,2.5,3.67,2.8,5.67,4,3.57,3.33,2.33,4,3.67,3.6,4.38,4,4,5,5
19,7,7,7,7,6,1,23,2.5,3.67,2.8,5.67,4,3.57,3.33,2.33,4,3.67,3.6,4.38,4,4,5,5
19,6,6,6,6,4,1,24,2.5,3.67,2.8,5.67,4,3.57,3.33,2.33,4,3.67,3.6,4.38,4,4,5,5
19,6,6,6,5,6,2,25,2.5,3.67,2.8,5.67,4,3.57,3.33,2.33,4,3.67,3.6,4.38,4,4,5,5
19,6,7,7,6,7,1,26,2.5,3.67,2.8,5.67,4,3.57,3.33,2.33,4,3.67,3.6,4.38,4,4,5,5
19,6,5,5,6,3,2,27,2.5,3.67,2.8,5.67,4,3.57,3.33,2.33,4,3.67,3.6,4.38,4,4,5,5
19,5,5,6,6,2,5,28,2.5,3.67,2.8,5.67,4,3.57,3.33,2.33,4,3.67,3.6,4.38,4,4,5,5
19,6,6,6,6,6,2,29,2.5,3.67,2.8,5.67,4,3.57,3.33,2.33,4,3.67,3.6,4.38,4,4,5,5
19,6,5,6,7,4,1,32,2.5,3.67,2.8,5.67,4,3.57,3.33,2.33,4,3.67,3.6,4.38,4,4,5,5
19,6,4,6,6,7,1,33,2.5,3.67,2.8,5.67,4,3.57,3.33,2.33,4,3.67,3.6,4.38,4,4,5,5
19,6,4,5,5,6,1,34,2.5,3.67,2.8,5.67,4,3.57,3.33,2.33,4,3.67,3.6,4.38,4,4,5,5
19,4,5,6,5,3,2,35,2.5,3.67,2.8,5.67,4,3.57,3.33,2.33,4,3.67,3.6,4.38,4,4,5,5
19,6,2,4,5,3,2,36,2.5,3.67,2.8,5.67,4,3.57,3.33,2.33,4,3.67,3.6,4.38,4,4,5,5
19,5,3,5,5,5,2,37,2.5,3.67,2.8,5.67,4,3.57,3.33,2.33,4,3.67,3.6,4.38,4,4,5,5
20,5,4,5,5,6,2,5,3.83,3.67,1,5.17,4,3.71,4,2.83,3.67,2.33,3.2,4.63,4,3.25,2.5,4.33
20,5,4,4,3,3,3,6,3.83,3.67,1,5.17,4,3.71,4,2.83,3.67,2.33,3.2,4.63,4,3.25,2.5,4.33
20,6,3,4,6,6,2,7,3.83,3.67,1,5.17,4,3.71,4,2.83,3.67,2.33,3.2,4.63,4,3.25,2.5,4.33
20,6,3,5,5,2,3,8,3.83,3.67,1,5.17,4,3.71,4,2.83,3.67,2.33,3.2,4.63,4,3.25,2.5,4.33
20,6,6,6,5,4,2,10,3.83,3.67,1,5.17,4,3.71,4,2.83,3.67,2.33,3.2,4.63,4,3.25,2.5,4.33
20,5,3,3,4,3,2,10,3.83,3.67,1,5.17,4,3.71,4,2.83,3.67,2.33,3.2,4.63,4,3.25,2.5,4.33
20,4,3,4,4,4,2,11,3.83,3.67,1,5.17,4,3.71,4,2.83,3.67,2.33,3.2,4.63,4,3.25,2.5,4.33
20,5,3,5,5,5,2,13,3.83,3.67,1,5.17,4,3.71,4,2.83,3.67,2.33,3.2,4.63,4,3.25,2.5,4.33
20,6,3,6,6,5,1,14,3.83,3.67,1,5.17,4,3.71,4,2.83,3.67,2.33,3.2,4.63,4,3.25,2.5,4.33
20,6,5,6,6,5,2,15,3.83,3.67,1,5.17,4,3.71,4,2.83,3.67,2.33,3.2,4.63,4,3.25,2.5,4.33
20,6,6,4,5,6,2,16,3.83,3.67,1,5.17,4,3.71,4,2.83,3.67,2.33,3.2,4.63,4,3.25,2.5,4.33
20,5,5,5,6,6,2,17,3.83,3.67,1,5.17,4,3.71,4,2.83,3.67,2.33,3.2,4.63,4,3.25,2.5,4.33
20,5,4,4,5,5,2,18,3.83,3.67,1,5.17,4,3.71,4,2.83,3.67,2.33,3.2,4.63,4,3.25,2.5,4.33
20,6,5,5,5,4,2,19,3.83,3.67,1,5.17,4,3.71,4,2.83,3.67,2.33,3.2,4.63,4,3.25,2.5,4.33
20,6,4,5,6,1,5,22,3.83,3.67,1,5.17,4,3.71,4,2.83,3.67,2.33,3.2,4.63,4,3.25,2.5,4.33
20,6,6,6,6,5,1,23,3.83,3.67,1,5.17,4,3.71,4,2.83,3.67,2.33,3.2,4.63,4,3.25,2.5,4.33
20,4,5,6,6,4,2,25,3.83,3.67,1,5.17,4,3.71,4,2.83,3.67,2.33,3.2,4.63,4,3.25,2.5,4.33
20,6,5,4,5,4,1,25,3.83,3.67,1,5.17,4,3.71,4,2.83,3.67,2.33,3.2,4.63,4,3.25,2.5,4.33
20,6,5,4,4,3,1,26,3.83,3.67,1,5.17,4,3.71,4,2.83,3.67,2.33,3.2,4.63,4,3.25,2.5,4.33
20,7,6,6,6,5,1,27,3.83,3.67,1,5.17,4,3.71,4,2.83,3.67,2.33,3.2,4.63,4,3.25,2.5,4.33
20,6,5,5,6,3,1,28,3.83,3.67,1,5.17,4,3.71,4,2.83,3.67,2.33,3.2,4.63,4,3.25,2.5,4.33
20,5,3,5,4,4,2,30,3.83,3.67,1,5.17,4,3.71,4,2.83,3.67,2.33,3.2,4.63,4,3.25,2.5,4.33
20,6,4,6,5,4,1,31,3.83,3.67,1,5.17,4,3.71,4,2.83,3.67,2.33,3.2,4.63,4,3.25,2.5,4.33
20,5,4,6,5,4,1,31,3.83,3.67,1,5.17,4,3.71,4,2.83,3.67,2.33,3.2,4.63,4,3.25,2.5,4.33
20,5,4,6,5,4,1,31,3.83,3.67,1,5.17,4,3.71,4,2.83,3.67,2.33,3.2,4.63,4,3.25,2.5,4.33
20,6,3,4,7,2,1,32,3.83,3.67,1,5.17,4,3.71,4,2.83,3.67,2.33,3.2,4.63,4,3.25,2.5,4.33
20,3,2,4,4,2,1,34,3.83,3.67,1,5.17,4,3.71,4,2.83,3.67,2.33,3.2,4.63,4,3.25,2.5,4.33
20,5,5,4,4,4,1,35,3.83,3.67,1,5.17,4,3.71,4,2.83,3.67,2.33,3.2,4.63,4,3.25,2.5,4.33
20,5,5,4,4,4,1,35,3.83,3.67,1,5.17,4,3.71,4,2.83,3.67,2.33,3.2,4.63,4,3.25,2.5,4.33
20,6,4,6,4,4,1,37,3.83,3.67,1,5.17,4,3.71,4,2.83,3.67,2.33,3.2,4.63,4,3.25,2.5,4.33
20,6,4,5,5,5,2,38,3.83,3.67,1,5.17,4,3.71,4,2.83,3.67,2.33,3.2,4.63,4,3.25,2.5,4.33
21,6,6,6,5,6,3,5,4,4,1.6,4.5,4,4,4,4,3.67,4,3.8,4.5,4,3.5,4,3.67
21,5,5,5,5,5,2,6,4,4,1.6,4.5,4,4,4,4,3.67,4,3.8,4.5,4,3.5,4,3.67
21,5,4,5,5,6,2,7,4,4,1.6,4.5,4,4,4,4,3.67,4,3.8,4.5,4,3.5,4,3.67
21,7,7,7,7,7,2,8,4,4,1.6,4.5,4,4,4,4,3.67,4,3.8,4.5,4,3.5,4,3.67
21,7,5,7,7,6,1,9,4,4,1.6,4.5,4,4,4,4,3.67,4,3.8,4.5,4,3.5,4,3.67
21,6,6,6,6,6,2,10,4,4,1.6,4.5,4,4,4,4,3.67,4,3.8,4.5,4,3.5,4,3.67
21,5,6,5,6,6,3,11,4,4,1.6,4.5,4,4,4,4,3.67,4,3.8,4.5,4,3.5,4,3.67
21,6,6,5,6,6,2,12,4,4,1.6,4.5,4,4,4,4,3.67,4,3.8,4.5,4,3.5,4,3.67
21,7,6,7,7,3,2,13,4,4,1.6,4.5,4,4,4,4,3.67,4,3.8,4.5,4,3.5,4,3.67
21,6,6,6,6,4,2,14,4,4,1.6,4.5,4,4,4,4,3.67,4,3.8,4.5,4,3.5,4,3.67
21,6,6,6,6,6,2,15,4,4,1.6,4.5,4,4,4,4,3.67,4,3.8,4.5,4,3.5,4,3.67
21,6,6,6,6,6,2,16,4,4,1.6,4.5,4,4,4,4,3.67,4,3.8,4.5,4,3.5,4,3.67
21,6,6,6,6,6,2,17,4,4,1.6,4.5,4,4,4,4,3.67,4,3.8,4.5,4,3.5,4,3.67
21,6,6,6,6,4,2,18,4,4,1.6,4.5,4,4,4,4,3.67,4,3.8,4.5,4,3.5,4,3.67
21,6,6,6,6,6,2,19,4,4,1.6,4.5,4,4,4,4,3.67,4,3.8,4.5,4,3.5,4,3.67
21,6,6,6,6,6,2,21,4,4,1.6,4.5,4,4,4,4,3.67,4,3.8,4.5,4,3.5,4,3.67
21,6,6,6,6,6,2,22,4,4,1.6,4.5,4,4,4,4,3.67,4,3.8,4.5,4,3.5,4,3.67
21,6,6,6,6,6,2,23,4,4,1.6,4.5,4,4,4,4,3.67,4,3.8,4.5,4,3.5,4,3.67
21,6,6,6,6,2,2,24,4,4,1.6,4.5,4,4,4,4,3.67,4,3.8,4.5,4,3.5,4,3.67
21,6,6,6,6,6,2,25,4,4,1.6,4.5,4,4,4,4,3.67,4,3.8,4.5,4,3.5,4,3.67
21,6,6,6,6,6,2,26,4,4,1.6,4.5,4,4,4,4,3.67,4,3.8,4.5,4,3.5,4,3.67
21,6,6,6,6,6,2,27,4,4,1.6,4.5,4,4,4,4,3.67,4,3.8,4.5,4,3.5,4,3.67
21,6,6,6,6,6,2,28,4,4,1.6,4.5,4,4,4,4,3.67,4,3.8,4.5,4,3.5,4,3.67
21,6,6,6,6,6,2,29,4,4,1.6,4.5,4,4,4,4,3.67,4,3.8,4.5,4,3.5,4,3.67
21,6,6,6,6,6,2,30,4,4,1.6,4.5,4,4,4,4,3.67,4,3.8,4.5,4,3.5,4,3.67
21,6,6,6,6,6,2,31,4,4,1.6,4.5,4,4,4,4,3.67,4,3.8,4.5,4,3.5,4,3.67
21,6,6,6,6,6,2,33,4,4,1.6,4.5,4,4,4,4,3.67,4,3.8,4.5,4,3.5,4,3.67
21,6,6,6,6,6,2,35,4,4,1.6,4.5,4,4,4,4,3.67,4,3.8,4.5,4,3.5,4,3.67
21,6,6,6,6,6,2,37,4,4,1.6,4.5,4,4,4,4,3.67,4,3.8,4.5,4,3.5,4,3.67
22,2,3,1,3,6,6,5,3.5,4.67,2.6,5.67,3,3.29,4,3,3.67,4.67,3.6,4.5,4.67,4,5,5
22,3,5,5,5,2,2,6,3.5,4.67,2.6,5.67,3,3.29,4,3,3.67,4.67,3.6,4.5,4.67,4,5,5
22,5,6,4,4,5,2,8,3.5,4.67,2.6,5.67,3,3.29,4,3,3.67,4.67,3.6,4.5,4.67,4,5,5
22,2,4,4,5,6,5,8,3.5,4.67,2.6,5.67,3,3.29,4,3,3.67,4.67,3.6,4.5,4.67,4,5,5
22,6,6,6,6,6,2,9,3.5,4.67,2.6,5.67,3,3.29,4,3,3.67,4.67,3.6,4.5,4.67,4,5,5
22,6,6,6,6,2,2,10,3.5,4.67,2.6,5.67,3,3.29,4,3,3.67,4.67,3.6,4.5,4.67,4,5,5
22,6,6,6,6,6,1,11,3.5,4.67,2.6,5.67,3,3.29,4,3,3.67,4.67,3.6,4.5,4.67,4,5,5
22,6,6,7,6,5,1,13,3.5,4.67,2.6,5.67,3,3.29,4,3,3.67,4.67,3.6,4.5,4.67,4,5,5
22,7,5,7,6,6,1,13,3.5,4.67,2.6,5.67,3,3.29,4,3,3.67,4.67,3.6,4.5,4.67,4,5,5
22,7,6,7,7,6,1,14,3.5,4.67,2.6,5.67,3,3.29,4,3,3.67,4.67,3.6,4.5,4.67,4,5,5
22,7,7,7,7,6,1,15,3.5,4.67,2.6,5.67,3,3.29,4,3,3.67,4.67,3.6,4.5,4.67,4,5,5
22,6,7,7,7,7,1,16,3.5,4.67,2.6,5.67,3,3.29,4,3,3.67,4.67,3.6,4.5,4.67,4,5,5
22,7,7,5,7,7,1,17,3.5,4.67,2.6,5.67,3,3.29,4,3,3.67,4.67,3.6,4.5,4.67,4,5,5
22,7,6,7,7,7,1,18,3.5,4.67,2.6,5.67,3,3.29,4,3,3.67,4.67,3.6,4.5,4.67,4,5,5
22,6,5,6,6,6,3,21,3.5,4.67,2.6,5.67,3,3.29,4,3,3.67,4.67,3.6,4.5,4.67,4,5,5
22,7,7,7,7,7,1,22,3.5,4.67,2.6,5.67,3,3.29,4,3,3.67,4.67,3.6,4.5,4.67,4,5,5
22,7,7,6,6,6,2,23,3.5,4.67,2.6,5.67,3,3.29,4,3,3.67,4.67,3.6,4.5,4.67,4,5,5
22,6,5,6,6,5,2,24,3.5,4.67,2.6,5.67,3,3.29,4,3,3.67,4.67,3.6,4.5,4.67,4,5,5
22,6,5,5,5,5,1,25,3.5,4.67,2.6,5.67,3,3.29,4,3,3.67,4.67,3.6,4.5,4.67,4,5,5
22,7,7,7,7,7,1,26,3.5,4.67,2.6,5.67,3,3.29,4,3,3.67,4.67,3.6,4.5,4.67,4,5,5
23,6,6,6,7,6,2,5,3.33,4.33,3.8,5.33,4.33,3.71,4,2.33,3.67,3.33,4,4,4,3.5,2.5,4.33
23,6,6,6,6,3,2,6,3.33,4.33,3.8,5.33,4.33,3.71,4,2.33,3.67,3.33,4,4,4,3.5,2.5,4.33
23,4,6,6,5,6,2,7,3.33,4.33,3.8,5.33,4.33,3.71,4,2.33,3.67,3.33,4,4,4,3.5,2.5,4.33
23,6,6,6,6,6,2,8,3.33,4.33,3.8,5.33,4.33,3.71,4,2.33,3.67,3.33,4,4,4,3.5,2.5,4.33
23,6,5,6,6,6,2,9,3.33,4.33,3.8,5.33,4.33,3.71,4,2.33,3.67,3.33,4,4,4,3.5,2.5,4.33
23,7,6,6,7,6,5,10,3.33,4.33,3.8,5.33,4.33,3.71,4,2.33,3.67,3.33,4,4,4,3.5,2.5,4.33
23,5,3,5,4,3,2,11,3.33,4.33,3.8,5.33,4.33,3.71,4,2.33,3.67,3.33,4,4,4,3.5,2.5,4.33
23,2,6,6,5,6,2,12,3.33,4.33,3.8,5.33,4.33,3.71,4,2.33,3.67,3.33,4,4,4,3.5,2.5,4.33
23,6,6,6,5,6,3,13,3.33,4.33,3.8,5.33,4.33,3.71,4,2.33,3.67,3.33,4,4,4,3.5,2.5,4.33
23,6,6,6,6,6,2,14,3.33,4.33,3.8,5.33,4.33,3.71,4,2.33,3.67,3.33,4,4,4,3.5,2.5,4.33
23,6,6,6,6,6,2,15,3.33,4.33,3.8,5.33,4.33,3.71,4,2.33,3.67,3.33,4,4,4,3.5,2.5,4.33
23,5,4,5,4,2,2,16,3.33,4.33,3.8,5.33,4.33,3.71,4,2.33,3.67,3.33,4,4,4,3.5,2.5,4.33
23,6,6,2,6,6,2,17,3.33,4.33,3.8,5.33,4.33,3.71,4,2.33,3.67,3.33,4,4,4,3.5,2.5,4.33
23,6,6,6,6,6,2,18,3.33,4.33,3.8,5.33,4.33,3.71,4,2.33,3.67,3.33,4,4,4,3.5,2.5,4.33
23,6,6,7,6,6,2,19,3.33,4.33,3.8,5.33,4.33,3.71,4,2.33,3.67,3.33,4,4,4,3.5,2.5,4.33
23,6,6,6,6,6,1,21,3.33,4.33,3.8,5.33,4.33,3.71,4,2.33,3.67,3.33,4,4,4,3.5,2.5,4.33
23,6,6,5,6,2,5,22,3.33,4.33,3.8,5.33,4.33,3.71,4,2.33,3.67,3.33,4,4,4,3.5,2.5,4.33
23,6,6,6,6,7,2,23,3.33,4.33,3.8,5.33,4.33,3.71,4,2.33,3.67,3.33,4,4,4,3.5,2.5,4.33
23,6,6,6,6,6,2,25,3.33,4.33,3.8,5.33,4.33,3.71,4,2.33,3.67,3.33,4,4,4,3.5,2.5,4.33
23,6,6,6,6,6,2,26,3.33,4.33,3.8,5.33,4.33,3.71,4,2.33,3.67,3.33,4,4,4,3.5,2.5,4.33
23,5,5,6,6,3,1,27,3.33,4.33,3.8,5.33,4.33,3.71,4,2.33,3.67,3.33,4,4,4,3.5,2.5,4.33
23,6,7,6,5,6,1,28,3.33,4.33,3.8,5.33,4.33,3.71,4,2.33,3.67,3.33,4,4,4,3.5,2.5,4.33
23,6,6,6,6,5,1,29,3.33,4.33,3.8,5.33,4.33,3.71,4,2.33,3.67,3.33,4,4,4,3.5,2.5,4.33
23,6,6,6,6,6,1,30,3.33,4.33,3.8,5.33,4.33,3.71,4,2.33,3.67,3.33,4,4,4,3.5,2.5,4.33
23,6,6,6,6,5,1,31,3.33,4.33,3.8,5.33,4.33,3.71,4,2.33,3.67,3.33,4,4,4,3.5,2.5,4.33
23,6,5,6,6,6,1,32,3.33,4.33,3.8,5.33,4.33,3.71,4,2.33,3.67,3.33,4,4,4,3.5,2.5,4.33
23,6,6,5,6,4,5,34,3.33,4.33,3.8,5.33,4.33,3.71,4,2.33,3.67,3.33,4,4,4,3.5,2.5,4.33
23,6,3,6,6,5,2,35,3.33,4.33,3.8,5.33,4.33,3.71,4,2.33,3.67,3.33,4,4,4,3.5,2.5,4.33
23,3,5,6,6,5,2,37,3.33,4.33,3.8,5.33,4.33,3.71,4,2.33,3.67,3.33,4,4,4,3.5,2.5,4.33
24,7,7,7,7,7,2,5,3.33,3,2,5.17,3.67,3.71,4,3.33,3.33,3.33,3.8,4.5,4,3.75,4,4
24,7,6,6,6,6,1,13,3.33,3,2,5.17,3.67,3.71,4,3.33,3.33,3.33,3.8,4.5,4,3.75,4,4
24,7,6,6,6,6,1,14,3.33,3,2,5.17,3.67,3.71,4,3.33,3.33,3.33,3.8,4.5,4,3.75,4,4
24,7,5,6,4,2,2,14,3.33,3,2,5.17,3.67,3.71,4,3.33,3.33,3.33,3.8,4.5,4,3.75,4,4
24,5,6,5,5,3,2,16,3.33,3,2,5.17,3.67,3.71,4,3.33,3.33,3.33,3.8,4.5,4,3.75,4,4
24,7,6,7,6,7,1,17,3.33,3,2,5.17,3.67,3.71,4,3.33,3.33,3.33,3.8,4.5,4,3.75,4,4
24,6,6,6,6,6,1,18,3.33,3,2,5.17,3.67,3.71,4,3.33,3.33,3.33,3.8,4.5,4,3.75,4,4
24,6,5,5,6,6,2,18,3.33,3,2,5.17,3.67,3.71,4,3.33,3.33,3.33,3.8,4.5,4,3.75,4,4
24,6,6,6,6,6,2,21,3.33,3,2,5.17,3.67,3.71,4,3.33,3.33,3.33,3.8,4.5,4,3.75,4,4
24,6,6,5,6,6,2,23,3.33,3,2,5.17,3.67,3.71,4,3.33,3.33,3.33,3.8,4.5,4,3.75,4,4
24,6,6,6,6,6,2,24,3.33,3,2,5.17,3.67,3.71,4,3.33,3.33,3.33,3.8,4.5,4,3.75,4,4
24,5,6,6,6,6,2,25,3.33,3,2,5.17,3.67,3.71,4,3.33,3.33,3.33,3.8,4.5,4,3.75,4,4
24,6,5,6,6,5,2,26,3.33,3,2,5.17,3.67,3.71,4,3.33,3.33,3.33,3.8,4.5,4,3.75,4,4
24,6,6,6,6,2,2,28,3.33,3,2,5.17,3.67,3.71,4,3.33,3.33,3.33,3.8,4.5,4,3.75,4,4
24,6,6,6,6,6,2,28,3.33,3,2,5.17,3.67,3.71,4,3.33,3.33,3.33,3.8,4.5,4,3.75,4,4
24,6,6,6,6,6,2,29,3.33,3,2,5.17,3.67,3.71,4,3.33,3.33,3.33,3.8,4.5,4,3.75,4,4
24,6,6,6,6,6,1,31,3.33,3,2,5.17,3.67,3.71,4,3.33,3.33,3.33,3.8,4.5,4,3.75,4,4
24,6,6,6,6,6,2,32,3.33,3,2,5.17,3.67,3.71,4,3.33,3.33,3.33,3.8,4.5,4,3.75,4,4
24,6,5,6,5,5,2,33,3.33,3,2,5.17,3.67,3.71,4,3.33,3.33,3.33,3.8,4.5,4,3.75,4,4
24,6,6,6,6,6,2,38,3.33,3,2,5.17,3.67,3.71,4,3.33,3.33,3.33,3.8,4.5,4,3.75,4,4
25,3,5,2,6,2,2,5,4,3.33,2,5,3.33,3.71,4,3,2.67,4,3.6,4.88,3.67,3.5,4,4.33
25,6,6,6,4,2,1,6,4,3.33,2,5,3.33,3.71,4,3,2.67,4,3.6,4.88,3.67,3.5,4,4.33
25,6,6,6,6,2,1,7,4,3.33,2,5,3.33,3.71,4,3,2.67,4,3.6,4.88,3.67,3.5,4,4.33
25,6,3,5,5,2,2,11,4,3.33,2,5,3.33,3.71,4,3,2.67,4,3.6,4.88,3.67,3.5,4,4.33
25,5,6,5,5,4,2,11,4,3.33,2,5,3.33,3.71,4,3,2.67,4,3.6,4.88,3.67,3.5,4,4.33
25,6,6,6,6,6,2,13,4,3.33,2,5,3.33,3.71,4,3,2.67,4,3.6,4.88,3.67,3.5,4,4.33
25,6,6,6,6,6,2,14,4,3.33,2,5,3.33,3.71,4,3,2.67,4,3.6,4.88,3.67,3.5,4,4.33
25,6,6,5,5,4,2,15,4,3.33,2,5,3.33,3.71,4,3,2.67,4,3.6,4.88,3.67,3.5,4,4.33
25,7,4,7,7,3,2,17,4,3.33,2,5,3.33,3.71,4,3,2.67,4,3.6,4.88,3.67,3.5,4,4.33
25,6,7,6,6,5,2,18,4,3.33,2,5,3.33,3.71,4,3,2.67,4,3.6,4.88,3.67,3.5,4,4.33
25,7,6,6,6,6,2,21,4,3.33,2,5,3.33,3.71,4,3,2.67,4,3.6,4.88,3.67,3.5,4,4.33
25,6,5,4,5,3,1,23,4,3.33,2,5,3.33,3.71,4,3,2.67,4,3.6,4.88,3.67,3.5,4,4.33
25,6,6,6,6,5,2,25,4,3.33,2,5,3.33,3.71,4,3,2.67,4,3.6,4.88,3.67,3.5,4,4.33
25,5,6,6,6,5,2,26,4,3.33,2,5,3.33,3.71,4,3,2.67,4,3.6,4.88,3.67,3.5,4,4.33
25,7,7,7,6,7,1,28,4,3.33,2,5,3.33,3.71,4,3,2.67,4,3.6,4.88,3.67,3.5,4,4.33
25,6,6,6,6,6,2,29,4,3.33,2,5,3.33,3.71,4,3,2.67,4,3.6,4.88,3.67,3.5,4,4.33
25,6,6,6,6,6,1,32,4,3.33,2,5,3.33,3.71,4,3,2.67,4,3.6,4.88,3.67,3.5,4,4.33
27,6,3,4,5,3,2,5,2.83,4.33,1,5.17,3.33,3.57,2,2.17,3.67,3.67,3.6,4.5,3.33,3,4,4.67
27,6,3,6,4,3,3,6,2.83,4.33,1,5.17,3.33,3.57,2,2.17,3.67,3.67,3.6,4.5,3.33,3,4,4.67
27,6,5,5,6,3,2,7,2.83,4.33,1,5.17,3.33,3.57,2,2.17,3.67,3.67,3.6,4.5,3.33,3,4,4.67
27,6,5,6,6,6,3,8,2.83,4.33,1,5.17,3.33,3.57,2,2.17,3.67,3.67,3.6,4.5,3.33,3,4,4.67
27,6,5,6,6,5,2,9,2.83,4.33,1,5.17,3.33,3.57,2,2.17,3.67,3.67,3.6,4.5,3.33,3,4,4.67
27,6,5,5,6,6,2,10,2.83,4.33,1,5.17,3.33,3.57,2,2.17,3.67,3.67,3.6,4.5,3.33,3,4,4.67
27,6,5,4,7,5,2,11,2.83,4.33,1,5.17,3.33,3.57,2,2.17,3.67,3.67,3.6,4.5,3.33,3,4,4.67
27,5,6,5,5,5,2,12,2.83,4.33,1,5.17,3.33,3.57,2,2.17,3.67,3.67,3.6,4.5,3.33,3,4,4.67
27,6,6,4,5,6,2,13,2.83,4.33,1,5.17,3.33,3.57,2,2.17,3.67,3.67,3.6,4.5,3.33,3,4,4.67
27,6,6,5,6,3,2,14,2.83,4.33,1,5.17,3.33,3.57,2,2.17,3.67,3.67,3.6,4.5,3.33,3,4,4.67
27,6,6,5,5,6,2,15,2.83,4.33,1,5.17,3.33,3.57,2,2.17,3.67,3.67,3.6,4.5,3.33,3,4,4.67
27,6,5,5,5,6,2,16,2.83,4.33,1,5.17,3.33,3.57,2,2.17,3.67,3.67,3.6,4.5,3.33,3,4,4.67
27,7,6,4,7,6,1,17,2.83,4.33,1,5.17,3.33,3.57,2,2.17,3.67,3.67,3.6,4.5,3.33,3,4,4.67
27,7,6,5,7,5,1,19,2.83,4.33,1,5.17,3.33,3.57,2,2.17,3.67,3.67,3.6,4.5,3.33,3,4,4.67
27,7,6,5,6,6,2,19,2.83,4.33,1,5.17,3.33,3.57,2,2.17,3.67,3.67,3.6,4.5,3.33,3,4,4.67
27,7,6,5,6,6,2,19,2.83,4.33,1,5.17,3.33,3.57,2,2.17,3.67,3.67,3.6,4.5,3.33,3,4,4.67
27,6,3,5,6,6,2,21,2.83,4.33,1,5.17,3.33,3.57,2,2.17,3.67,3.67,3.6,4.5,3.33,3,4,4.67
27,6,6,6,5,6,2,22,2.83,4.33,1,5.17,3.33,3.57,2,2.17,3.67,3.67,3.6,4.5,3.33,3,4,4.67
27,6,6,5,5,6,2,23,2.83,4.33,1,5.17,3.33,3.57,2,2.17,3.67,3.67,3.6,4.5,3.33,3,4,4.67
27,5,5,6,4,3,2,24,2.83,4.33,1,5.17,3.33,3.57,2,2.17,3.67,3.67,3.6,4.5,3.33,3,4,4.67
27,6,5,4,6,5,2,25,2.83,4.33,1,5.17,3.33,3.57,2,2.17,3.67,3.67,3.6,4.5,3.33,3,4,4.67
27,5,6,5,5,3,5,26,2.83,4.33,1,5.17,3.33,3.57,2,2.17,3.67,3.67,3.6,4.5,3.33,3,4,4.67
27,5,5,5,4,6,2,27,2.83,4.33,1,5.17,3.33,3.57,2,2.17,3.67,3.67,3.6,4.5,3.33,3,4,4.67
27,5,5,6,4,5,2,28,2.83,4.33,1,5.17,3.33,3.57,2,2.17,3.67,3.67,3.6,4.5,3.33,3,4,4.67
27,7,5,4,7,5,2,29,2.83,4.33,1,5.17,3.33,3.57,2,2.17,3.67,3.67,3.6,4.5,3.33,3,4,4.67
27,6,5,5,6,3,1,30,2.83,4.33,1,5.17,3.33,3.57,2,2.17,3.67,3.67,3.6,4.5,3.33,3,4,4.67
27,6,6,6,6,6,2,31,2.83,4.33,1,5.17,3.33,3.57,2,2.17,3.67,3.67,3.6,4.5,3.33,3,4,4.67
27,6,6,6,5,5,1,32,2.83,4.33,1,5.17,3.33,3.57,2,2.17,3.67,3.67,3.6,4.5,3.33,3,4,4.67
27,6,5,6,6,6,2,33,2.83,4.33,1,5.17,3.33,3.57,2,2.17,3.67,3.67,3.6,4.5,3.33,3,4,4.67
27,6,5,5,5,6,2,34,2.83,4.33,1,5.17,3.33,3.57,2,2.17,3.67,3.67,3.6,4.5,3.33,3,4,4.67
27,5,5,5,4,6,2,35,2.83,4.33,1,5.17,3.33,3.57,2,2.17,3.67,3.67,3.6,4.5,3.33,3,4,4.67
27,6,5,6,6,6,2,36,2.83,4.33,1,5.17,3.33,3.57,2,2.17,3.67,3.67,3.6,4.5,3.33,3,4,4.67
27,6,6,5,7,6,2,37,2.83,4.33,1,5.17,3.33,3.57,2,2.17,3.67,3.67,3.6,4.5,3.33,3,4,4.67
28,7,7,6,7,5,2,5,4,3.67,1.2,4.5,4.33,4,3.67,4,4,4,4,4.63,2.33,2.5,2,5
28,6,6,6,3,2,3,6,4,3.67,1.2,4.5,4.33,4,3.67,4,4,4,4,4.63,2.33,2.5,2,5
28,6,6,6,6,7,2,7,4,3.67,1.2,4.5,4.33,4,3.67,4,4,4,4,4.63,2.33,2.5,2,5
28,5,6,7,5,6,5,8,4,3.67,1.2,4.5,4.33,4,3.67,4,4,4,4,4.63,2.33,2.5,2,5
28,5,5,6,5,6,6,10,4,3.67,1.2,4.5,4.33,4,3.67,4,4,4,4,4.63,2.33,2.5,2,5
28,6,6,6,6,6,1,11,4,3.67,1.2,4.5,4.33,4,3.67,4,4,4,4,4.63,2.33,2.5,2,5
28,5,2,2,5,6,1,11,4,3.67,1.2,4.5,4.33,4,3.67,4,4,4,4,4.63,2.33,2.5,2,5
28,6,6,6,6,6,5,12,4,3.67,1.2,4.5,4.33,4,3.67,4,4,4,4,4.63,2.33,2.5,2,5
28,5,5,5,3,5,5,13,4,3.67,1.2,4.5,4.33,4,3.67,4,4,4,4,4.63,2.33,2.5,2,5
28,5,6,6,5,7,2,14,4,3.67,1.2,4.5,4.33,4,3.67,4,4,4,4,4.63,2.33,2.5,2,5
28,6,6,6,6,6,2,15,4,3.67,1.2,4.5,4.33,4,3.67,4,4,4,4,4.63,2.33,2.5,2,5
28,5,5,6,5,6,5,16,4,3.67,1.2,4.5,4.33,4,3.67,4,4,4,4,4.63,2.33,2.5,2,5
28,6,6,6,6,6,3,17,4,3.67,1.2,4.5,4.33,4,3.67,4,4,4,4,4.63,2.33,2.5,2,5
28,3,3,5,5,6,1,18,4,3.67,1.2,4.5,4.33,4,3.67,4,4,4,4,4.63,2.33,2.5,2,5
28,6,6,6,7,6,1,19,4,3.67,1.2,4.5,4.33,4,3.67,4,4,4,4,4.63,2.33,2.5,2,5
28,6,6,6,5,6,2,21,4,3.67,1.2,4.5,4.33,4,3.67,4,4,4,4,4.63,2.33,2.5,2,5
28,6,5,7,6,6,3,22,4,3.67,1.2,4.5,4.33,4,3.67,4,4,4,4,4.63,2.33,2.5,2,5
28,6,5,6,6,6,2,23,4,3.67,1.2,4.5,4.33,4,3.67,4,4,4,4,4.63,2.33,2.5,2,5
28,5,5,3,6,6,2,24,4,3.67,1.2,4.5,4.33,4,3.67,4,4,4,4,4.63,2.33,2.5,2,5
28,6,5,6,6,6,2,25,4,3.67,1.2,4.5,4.33,4,3.67,4,4,4,4,4.63,2.33,2.5,2,5
28,6,6,6,7,6,1,26,4,3.67,1.2,4.5,4.33,4,3.67,4,4,4,4,4.63,2.33,2.5,2,5
28,6,5,6,5,5,2,27,4,3.67,1.2,4.5,4.33,4,3.67,4,4,4,4,4.63,2.33,2.5,2,5
28,6,5,6,6,6,2,28,4,3.67,1.2,4.5,4.33,4,3.67,4,4,4,4,4.63,2.33,2.5,2,5
28,6,6,6,5,6,3,29,4,3.67,1.2,4.5,4.33,4,3.67,4,4,4,4,4.63,2.33,2.5,2,5
28,6,5,5,6,6,2,30,4,3.67,1.2,4.5,4.33,4,3.67,4,4,4,4,4.63,2.33,2.5,2,5
28,6,6,6,6,6,1,31,4,3.67,1.2,4.5,4.33,4,3.67,4,4,4,4,4.63,2.33,2.5,2,5
28,6,6,6,6,6,2,33,4,3.67,1.2,4.5,4.33,4,3.67,4,4,4,4,4.63,2.33,2.5,2,5
28,6,6,6,6,6,2,34,4,3.67,1.2,4.5,4.33,4,3.67,4,4,4,4,4.63,2.33,2.5,2,5
28,6,7,6,7,7,1,35,4,3.67,1.2,4.5,4.33,4,3.67,4,4,4,4,4.63,2.33,2.5,2,5
28,6,5,6,6,6,1,36,4,3.67,1.2,4.5,4.33,4,3.67,4,4,4,4,4.63,2.33,2.5,2,5
28,6,6,5,6,5,1,37,4,3.67,1.2,4.5,4.33,4,3.67,4,4,4,4,4.63,2.33,2.5,2,5
29,6,6,6,6,6,1,5,3.33,3.33,2.6,3,4,3.86,4.33,3.5,4,4.33,4,5,3.67,3.75,4.5,4
29,6,5,6,6,6,1,6,3.33,3.33,2.6,3,4,3.86,4.33,3.5,4,4.33,4,5,3.67,3.75,4.5,4
29,5,5,7,5,5,2,7,3.33,3.33,2.6,3,4,3.86,4.33,3.5,4,4.33,4,5,3.67,3.75,4.5,4
29,6,6,6,6,5,1,9,3.33,3.33,2.6,3,4,3.86,4.33,3.5,4,4.33,4,5,3.67,3.75,4.5,4
29,6,6,6,5,6,1,9,3.33,3.33,2.6,3,4,3.86,4.33,3.5,4,4.33,4,5,3.67,3.75,4.5,4
29,6,3,3,6,6,2,11,3.33,3.33,2.6,3,4,3.86,4.33,3.5,4,4.33,4,5,3.67,3.75,4.5,4
29,3,5,6,5,2,2,11,3.33,3.33,2.6,3,4,3.86,4.33,3.5,4,4.33,4,5,3.67,3.75,4.5,4
29,6,3,6,6,5,1,13,3.33,3.33,2.6,3,4,3.86,4.33,3.5,4,4.33,4,5,3.67,3.75,4.5,4
29,6,6,6,6,6,1,14,3.33,3.33,2.6,3,4,3.86,4.33,3.5,4,4.33,4,5,3.67,3.75,4.5,4
29,7,7,7,7,7,1,15,3.33,3.33,2.6,3,4,3.86,4.33,3.5,4,4.33,4,5,3.67,3.75,4.5,4
29,7,7,7,6,7,1,16,3.33,3.33,2.6,3,4,3.86,4.33,3.5,4,4.33,4,5,3.67,3.75,4.5,4
29,7,7,7,7,7,1,17,3.33,3.33,2.6,3,4,3.86,4.33,3.5,4,4.33,4,5,3.67,3.75,4.5,4
29,7,2,6,6,7,1,19,3.33,3.33,2.6,3,4,3.86,4.33,3.5,4,4.33,4,5,3.67,3.75,4.5,4
29,3,3,3,6,6,2,19,3.33,3.33,2.6,3,4,3.86,4.33,3.5,4,4.33,4,5,3.67,3.75,4.5,4
29,6,6,6,5,6,2,21,3.33,3.33,2.6,3,4,3.86,4.33,3.5,4,4.33,4,5,3.67,3.75,4.5,4
29,3,3,3,2,6,1,22,3.33,3.33,2.6,3,4,3.86,4.33,3.5,4,4.33,4,5,3.67,3.75,4.5,4
29,6,6,6,6,6,1,23,3.33,3.33,2.6,3,4,3.86,4.33,3.5,4,4.33,4,5,3.67,3.75,4.5,4
29,7,6,6,6,7,5,24,3.33,3.33,2.6,3,4,3.86,4.33,3.5,4,4.33,4,5,3.67,3.75,4.5,4
29,7,7,7,7,7,1,26,3.33,3.33,2.6,3,4,3.86,4.33,3.5,4,4.33,4,5,3.67,3.75,4.5,4
29,7,7,7,7,7,1,26,3.33,3.33,2.6,3,4,3.86,4.33,3.5,4,4.33,4,5,3.67,3.75,4.5,4
29,7,7,7,7,7,1,27,3.33,3.33,2.6,3,4,3.86,4.33,3.5,4,4.33,4,5,3.67,3.75,4.5,4
29,6,6,6,6,6,2,28,3.33,3.33,2.6,3,4,3.86,4.33,3.5,4,4.33,4,5,3.67,3.75,4.5,4
29,7,7,7,7,7,1,30,3.33,3.33,2.6,3,4,3.86,4.33,3.5,4,4.33,4,5,3.67,3.75,4.5,4
29,6,3,4,6,2,2,31,3.33,3.33,2.6,3,4,3.86,4.33,3.5,4,4.33,4,5,3.67,3.75,4.5,4
29,6,2,4,7,7,1,32,3.33,3.33,2.6,3,4,3.86,4.33,3.5,4,4.33,4,5,3.67,3.75,4.5,4
29,6,2,6,6,6,2,33,3.33,3.33,2.6,3,4,3.86,4.33,3.5,4,4.33,4,5,3.67,3.75,4.5,4
29,6,5,6,7,7,1,33,3.33,3.33,2.6,3,4,3.86,4.33,3.5,4,4.33,4,5,3.67,3.75,4.5,4
29,6,7,7,7,7,1,36,3.33,3.33,2.6,3,4,3.86,4.33,3.5,4,4.33,4,5,3.67,3.75,4.5,4
30,6,6,6,6,6,2,5,4.17,4.33,2.8,5.33,4,3.86,4.33,3,4,4,3.8,4.88,3.67,3,2.5,5
30,6,6,6,6,6,2,6,4.17,4.33,2.8,5.33,4,3.86,4.33,3,4,4,3.8,4.88,3.67,3,2.5,5
30,6,6,6,6,6,2,7,4.17,4.33,2.8,5.33,4,3.86,4.33,3,4,4,3.8,4.88,3.67,3,2.5,5
30,6,5,6,6,5,2,8,4.17,4.33,2.8,5.33,4,3.86,4.33,3,4,4,3.8,4.88,3.67,3,2.5,5
30,6,5,6,5,6,2,9,4.17,4.33,2.8,5.33,4,3.86,4.33,3,4,4,3.8,4.88,3.67,3,2.5,5
30,6,5,6,7,6,2,10,4.17,4.33,2.8,5.33,4,3.86,4.33,3,4,4,3.8,4.88,3.67,3,2.5,5
30,5,3,5,3,5,5,11,4.17,4.33,2.8,5.33,4,3.86,4.33,3,4,4,3.8,4.88,3.67,3,2.5,5
30,5,6,6,6,5,5,12,4.17,4.33,2.8,5.33,4,3.86,4.33,3,4,4,3.8,4.88,3.67,3,2.5,5
30,5,5,5,3,6,2,14,4.17,4.33,2.8,5.33,4,3.86,4.33,3,4,4,3.8,4.88,3.67,3,2.5,5
30,6,6,6,7,6,2,15,4.17,4.33,2.8,5.33,4,3.86,4.33,3,4,4,3.8,4.88,3.67,3,2.5,5
30,6,5,6,6,6,2,16,4.17,4.33,2.8,5.33,4,3.86,4.33,3,4,4,3.8,4.88,3.67,3,2.5,5
30,6,6,6,6,6,2,17,4.17,4.33,2.8,5.33,4,3.86,4.33,3,4,4,3.8,4.88,3.67,3,2.5,5
30,6,6,5,5,6,3,18,4.17,4.33,2.8,5.33,4,3.86,4.33,3,4,4,3.8,4.88,3.67,3,2.5,5
30,6,6,6,7,6,3,19,4.17,4.33,2.8,5.33,4,3.86,4.33,3,4,4,3.8,4.88,3.67,3,2.5,5
30,7,6,6,6,6,1,21,4.17,4.33,2.8,5.33,4,3.86,4.33,3,4,4,3.8,4.88,3.67,3,2.5,5
30,7,6,6,6,6,1,22,4.17,4.33,2.8,5.33,4,3.86,4.33,3,4,4,3.8,4.88,3.67,3,2.5,5
30,7,6,6,7,7,1,23,4.17,4.33,2.8,5.33,4,3.86,4.33,3,4,4,3.8,4.88,3.67,3,2.5,5
30,7,5,7,7,7,1,25,4.17,4.33,2.8,5.33,4,3.86,4.33,3,4,4,3.8,4.88,3.67,3,2.5,5
30,6,3,6,7,6,1,25,4.17,4.33,2.8,5.33,4,3.86,4.33,3,4,4,3.8,4.88,3.67,3,2.5,5
30,7,6,7,7,6,1,26,4.17,4.33,2.8,5.33,4,3.86,4.33,3,4,4,3.8,4.88,3.67,3,2.5,5
30,7,7,7,7,6,1,28,4.17,4.33,2.8,5.33,4,3.86,4.33,3,4,4,3.8,4.88,3.67,3,2.5,5
30,6,6,6,7,6,1,28,4.17,4.33,2.8,5.33,4,3.86,4.33,3,4,4,3.8,4.88,3.67,3,2.5,5
30,6,6,6,6,6,2,29,4.17,4.33,2.8,5.33,4,3.86,4.33,3,4,4,3.8,4.88,3.67,3,2.5,5
30,6,6,6,6,5,2,30,4.17,4.33,2.8,5.33,4,3.86,4.33,3,4,4,3.8,4.88,3.67,3,2.5,5
30,7,6,7,6,6,1,32,4.17,4.33,2.8,5.33,4,3.86,4.33,3,4,4,3.8,4.88,3.67,3,2.5,5
30,6,6,6,6,6,2,34,4.17,4.33,2.8,5.33,4,3.86,4.33,3,4,4,3.8,4.88,3.67,3,2.5,5
30,7,6,6,6,6,1,35,4.17,4.33,2.8,5.33,4,3.86,4.33,3,4,4,3.8,4.88,3.67,3,2.5,5
30,7,3,7,7,6,1,38,4.17,4.33,2.8,5.33,4,3.86,4.33,3,4,4,3.8,4.88,3.67,3,2.5,5
31,6,5,6,6,6,1,5,3.5,4.67,3.4,4.83,4,3.71,3.33,2.5,4,4.33,4.4,4.75,4,3,4,5
31,5,2,5,3,3,5,6,3.5,4.67,3.4,4.83,4,3.71,3.33,2.5,4,4.33,4.4,4.75,4,3,4,5
31,6,5,6,6,6,5,7,3.5,4.67,3.4,4.83,4,3.71,3.33,2.5,4,4.33,4.4,4.75,4,3,4,5
31,6,5,6,6,6,5,8,3.5,4.67,3.4,4.83,4,3.71,3.33,2.5,4,4.33,4.4,4.75,4,3,4,5
31,7,6,7,7,7,2,9,3.5,4.67,3.4,4.83,4,3.71,3.33,2.5,4,4.33,4.4,4.75,4,3,4,5
31,6,6,6,6,6,2,11,3.5,4.67,3.4,4.83,4,3.71,3.33,2.5,4,4.33,4.4,4.75,4,3,4,5
31,6,5,5,6,3,2,11,3.5,4.67,3.4,4.83,4,3.71,3.33,2.5,4,4.33,4.4,4.75,4,3,4,5
31,6,6,6,6,6,2,12,3.5,4.67,3.4,4.83,4,3.71,3.33,2.5,4,4.33,4.4,4.75,4,3,4,5
31,6,3,5,6,3,5,13,3.5,4.67,3.4,4.83,4,3.71,3.33,2.5,4,4.33,4.4,4.75,4,3,4,5
31,5,3,5,4,5,3,14,3.5,4.67,3.4,4.83,4,3.71,3.33,2.5,4,4.33,4.4,4.75,4,3,4,5
31,6,5,6,6,6,2,15,3.5,4.67,3.4,4.83,4,3.71,3.33,2.5,4,4.33,4.4,4.75,4,3,4,5
31,6,6,6,6,6,2,16,3.5,4.67,3.4,4.83,4,3.71,3.33,2.5,4,4.33,4.4,4.75,4,3,4,5
31,6,5,5,6,5,2,17,3.5,4.67,3.4,4.83,4,3.71,3.33,2.5,4,4.33,4.4,4.75,4,3,4,5
31,6,6,6,6,6,2,19,3.5,4.67,3.4,4.83,4,3.71,3.33,2.5,4,4.33,4.4,4.75,4,3,4,5
31,6,6,7,6,6,2,21,3.5,4.67,3.4,4.83,4,3.71,3.33,2.5,4,4.33,4.4,4.75,4,3,4,5
31,6,5,6,5,6,5,22,3.5,4.67,3.4,4.83,4,3.71,3.33,2.5,4,4.33,4.4,4.75,4,3,4,5
31,7,6,6,6,6,2,23,3.5,4.67,3.4,4.83,4,3.71,3.33,2.5,4,4.33,4.4,4.75,4,3,4,5
31,5,2,6,6,2,2,25,3.5,4.67,3.4,4.83,4,3.71,3.33,2.5,4,4.33,4.4,4.75,4,3,4,5
31,5,2,5,5,2,2,26,3.5,4.67,3.4,4.83,4,3.71,3.33,2.5,4,4.33,4.4,4.75,4,3,4,5
31,5,2,7,4,2,2,27,3.5,4.67,3.4,4.83,4,3.71,3.33,2.5,4,4.33,4.4,4.75,4,3,4,5
31,6,6,6,6,6,2,28,3.5,4.67,3.4,4.83,4,3.71,3.33,2.5,4,4.33,4.4,4.75,4,3,4,5
31,6,6,6,6,5,3,30,3.5,4.67,3.4,4.83,4,3.71,3.33,2.5,4,4.33,4.4,4.75,4,3,4,5
31,6,6,4,6,3,2,30,3.5,4.67,3.4,4.83,4,3.71,3.33,2.5,4,4.33,4.4,4.75,4,3,4,5
31,6,6,6,6,5,2,31,3.5,4.67,3.4,4.83,4,3.71,3.33,2.5,4,4.33,4.4,4.75,4,3,4,5
31,6,5,5,5,3,2,33,3.5,4.67,3.4,4.83,4,3.71,3.33,2.5,4,4.33,4.4,4.75,4,3,4,5
31,6,5,6,6,5,5,34,3.5,4.67,3.4,4.83,4,3.71,3.33,2.5,4,4.33,4.4,4.75,4,3,4,5
31,6,5,6,6,3,2,35,3.5,4.67,3.4,4.83,4,3.71,3.33,2.5,4,4.33,4.4,4.75,4,3,4,5
31,6,2,5,6,6,2,36,3.5,4.67,3.4,4.83,4,3.71,3.33,2.5,4,4.33,4.4,4.75,4,3,4,5
31,6,5,6,6,5,2,37,3.5,4.67,3.4,4.83,4,3.71,3.33,2.5,4,4.33,4.4,4.75,4,3,4,5
33,3,6,5,3,6,2,5,4,3.67,1.8,6,4,3.71,4,3.17,4,2.33,3.8,3.5,3.67,2.75,5,4.67
33,3,5,3,4,2,2,6,4,3.67,1.8,6,4,3.71,4,3.17,4,2.33,3.8,3.5,3.67,2.75,5,4.67
33,6,4,2,5,6,5,7,4,3.67,1.8,6,4,3.71,4,3.17,4,2.33,3.8,3.5,3.67,2.75,5,4.67
33,5,5,5,6,5,1,9,4,3.67,1.8,6,4,3.71,4,3.17,4,2.33,3.8,3.5,3.67,2.75,5,4.67
33,6,3,3,5,5,2,9,4,3.67,1.8,6,4,3.71,4,3.17,4,2.33,3.8,3.5,3.67,2.75,5,4.67
33,6,5,6,6,6,2,11,4,3.67,1.8,6,4,3.71,4,3.17,4,2.33,3.8,3.5,3.67,2.75,5,4.67
33,6,6,6,6,7,2,12,4,3.67,1.8,6,4,3.71,4,3.17,4,2.33,3.8,3.5,3.67,2.75,5,4.67
33,7,4,7,6,7,2,13,4,3.67,1.8,6,4,3.71,4,3.17,4,2.33,3.8,3.5,3.67,2.75,5,4.67
33,6,6,6,6,6,2,14,4,3.67,1.8,6,4,3.71,4,3.17,4,2.33,3.8,3.5,3.67,2.75,5,4.67
33,7,5,6,6,6,2,15,4,3.67,1.8,6,4,3.71,4,3.17,4,2.33,3.8,3.5,3.67,2.75,5,4.67
33,6,5,7,6,7,2,16,4,3.67,1.8,6,4,3.71,4,3.17,4,2.33,3.8,3.5,3.67,2.75,5,4.67
33,7,6,6,6,6,1,17,4,3.67,1.8,6,4,3.71,4,3.17,4,2.33,3.8,3.5,3.67,2.75,5,4.67
33,6,5,6,6,6,1,18,4,3.67,1.8,6,4,3.71,4,3.17,4,2.33,3.8,3.5,3.67,2.75,5,4.67
33,7,3,6,7,6,3,21,4,3.67,1.8,6,4,3.71,4,3.17,4,2.33,3.8,3.5,3.67,2.75,5,4.67
33,7,5,7,6,6,3,23,4,3.67,1.8,6,4,3.71,4,3.17,4,2.33,3.8,3.5,3.67,2.75,5,4.67
33,6,4,5,5,7,3,25,4,3.67,1.8,6,4,3.71,4,3.17,4,2.33,3.8,3.5,3.67,2.75,5,4.67
33,3,6,6,4,6,5,26,4,3.67,1.8,6,4,3.71,4,3.17,4,2.33,3.8,3.5,3.67,2.75,5,4.67
33,5,5,6,4,6,5,27,4,3.67,1.8,6,4,3.71,4,3.17,4,2.33,3.8,3.5,3.67,2.75,5,4.67
33,6,6,6,7,6,1,33,4,3.67,1.8,6,4,3.71,4,3.17,4,2.33,3.8,3.5,3.67,2.75,5,4.67
33,7,6,7,7,7,1,34,4,3.67,1.8,6,4,3.71,4,3.17,4,2.33,3.8,3.5,3.67,2.75,5,4.67
33,7,5,7,7,7,1,35,4,3.67,1.8,6,4,3.71,4,3.17,4,2.33,3.8,3.5,3.67,2.75,5,4.67
34,6,6,6,6,7,1,5,3.67,4,2,5.33,4.33,3.57,4.33,3,3.67,3.67,3.6,4.75,3.33,3,4,4.67
34,6,6,6,4,2,2,6,3.67,4,2,5.33,4.33,3.57,4.33,3,3.67,3.67,3.6,4.75,3.33,3,4,4.67
34,6,6,6,5,6,2,7,3.67,4,2,5.33,4.33,3.57,4.33,3,3.67,3.67,3.6,4.75,3.33,3,4,4.67
34,7,5,6,6,6,1,8,3.67,4,2,5.33,4.33,3.57,4.33,3,3.67,3.67,3.6,4.75,3.33,3,4,4.67
34,6,6,6,7,6,1,9,3.67,4,2,5.33,4.33,3.57,4.33,3,3.67,3.67,3.6,4.75,3.33,3,4,4.67
34,6,6,7,7,6,1,10,3.67,4,2,5.33,4.33,3.57,4.33,3,3.67,3.67,3.6,4.75,3.33,3,4,4.67
34,6,3,4,6,6,1,11,3.67,4,2,5.33,4.33,3.57,4.33,3,3.67,3.67,3.6,4.75,3.33,3,4,4.67
34,6,6,4,6,6,2,12,3.67,4,2,5.33,4.33,3.57,4.33,3,3.67,3.67,3.6,4.75,3.33,3,4,4.67
34,6,4,6,5,5,2,13,3.67,4,2,5.33,4.33,3.57,4.33,3,3.67,3.67,3.6,4.75,3.33,3,4,4.67
34,7,6,6,7,6,1,14,3.67,4,2,5.33,4.33,3.57,4.33,3,3.67,3.67,3.6,4.75,3.33,3,4,4.67
34,6,7,6,6,6,1,15,3.67,4,2,5.33,4.33,3.57,4.33,3,3.67,3.67,3.6,4.75,3.33,3,4,4.67
34,6,5,5,6,5,1,16,3.67,4,2,5.33,4.33,3.57,4.33,3,3.67,3.67,3.6,4.75,3.33,3,4,4.67
34,6,5,5,6,6,1,17,3.67,4,2,5.33,4.33,3.57,4.33,3,3.67,3.67,3.6,4.75,3.33,3,4,4.67
34,6,5,5,6,3,2,18,3.67,4,2,5.33,4.33,3.57,4.33,3,3.67,3.67,3.6,4.75,3.33,3,4,4.67
34,3,6,2,6,6,1,19,3.67,4,2,5.33,4.33,3.57,4.33,3,3.67,3.67,3.6,4.75,3.33,3,4,4.67
34,6,6,6,6,6,2,21,3.67,4,2,5.33,4.33,3.57,4.33,3,3.67,3.67,3.6,4.75,3.33,3,4,4.67
34,6,5,4,6,6,1,22,3.67,4,2,5.33,4.33,3.57,4.33,3,3.67,3.67,3.6,4.75,3.33,3,4,4.67
34,6,6,6,6,6,1,23,3.67,4,2,5.33,4.33,3.57,4.33,3,3.67,3.67,3.6,4.75,3.33,3,4,4.67
34,6,6,4,5,2,2,24,3.67,4,2,5.33,4.33,3.57,4.33,3,3.67,3.67,3.6,4.75,3.33,3,4,4.67
34,5,5,4,5,2,2,25,3.67,4,2,5.33,4.33,3.57,4.33,3,3.67,3.67,3.6,4.75,3.33,3,4,4.67
34,6,6,6,6,6,1,26,3.67,4,2,5.33,4.33,3.57,4.33,3,3.67,3.67,3.6,4.75,3.33,3,4,4.67
34,6,6,6,6,6,1,27,3.67,4,2,5.33,4.33,3.57,4.33,3,3.67,3.67,3.6,4.75,3.33,3,4,4.67
34,6,6,6,6,6,1,28,3.67,4,2,5.33,4.33,3.57,4.33,3,3.67,3.67,3.6,4.75,3.33,3,4,4.67
34,6,5,6,6,6,1,29,3.67,4,2,5.33,4.33,3.57,4.33,3,3.67,3.67,3.6,4.75,3.33,3,4,4.67
34,6,6,6,7,6,1,30,3.67,4,2,5.33,4.33,3.57,4.33,3,3.67,3.67,3.6,4.75,3.33,3,4,4.67
34,6,6,5,6,6,1,31,3.67,4,2,5.33,4.33,3.57,4.33,3,3.67,3.67,3.6,4.75,3.33,3,4,4.67
34,6,6,6,6,6,1,35,3.67,4,2,5.33,4.33,3.57,4.33,3,3.67,3.67,3.6,4.75,3.33,3,4,4.67
34,6,5,5,6,6,1,36,3.67,4,2,5.33,4.33,3.57,4.33,3,3.67,3.67,3.6,4.75,3.33,3,4,4.67
34,6,6,6,6,6,1,37,3.67,4,2,5.33,4.33,3.57,4.33,3,3.67,3.67,3.6,4.75,3.33,3,4,4.67
