id,run,day,temp,food,bm,wheel,rmr,sex
99,1,1,31,No,14.11,No,0.026037475,Female
99,1,1,20,No,14.11,Yes,0.214286375,Female
99,1,1,15,No,14.11,Yes,0.1266919,Female
99,1,2,31,Yes,14.11,Yes,0.157941875,Female
99,1,2,20,Yes,14.11,Yes,0.2238983,Female
99,1,2,15,Yes,14.11,Yes,0.295475325,Female
99,1,3,31,No,14.11,No,0.051795725,Female
99,1,3,20,No,14.11,Yes,0.1813562,Female
99,1,3,15,No,14.11,Yes,0.046949158,Female
99,1,4,31,Yes,14.11,Yes,0.1073243,Female
99,1,4,20,Yes,14.11,Yes,0.128584025,Female
99,1,4,15,Yes,14.11,Yes,0.2938729,Female
99,1,5,31,No,14.11,No,0.0604684,Female
99,1,5,20,No,14.11,Yes,0.18024675,Female
99,1,5,15,No,14.11,Yes,0.186310225,Female
99,1,6,31,Yes,14.11,Yes,0.127492525,Female
99,1,6,20,Yes,14.11,Yes,0.172834825,Female
99,1,6,15,Yes,14.11,Yes,0.29033985,Female
99,2,1,31,No,12.685,No,0.117568533,Female
99,2,1,20,No,12.685,Yes,0.185152067,Female
99,2,1,15,No,12.685,Yes,9.94E-02,Female
99,2,2,31,Yes,12.685,Yes,0.153882067,Female
99,2,2,20,Yes,12.685,Yes,0.208598867,Female
99,2,2,15,Yes,12.685,Yes,0.230055767,Female
99,2,3,31,No,12.685,No,0.147029767,Female
99,2,3,20,No,12.685,Yes,0.184882433,Female
99,2,3,15,No,12.685,Yes,0.158816733,Female
99,2,4,31,Yes,12.685,Yes,0.14203,Female
99,2,4,20,Yes,12.685,Yes,0.237297533,Female
99,2,4,15,Yes,12.685,Yes,0.2943878,Female
99,2,5,31,No,12.685,No,0.1307707,Female
99,2,5,20,No,12.685,Yes,0.171039633,Female
99,2,5,15,No,12.685,Yes,0.116518,Female
99,2,6,31,Yes,12.685,Yes,0.141328267,Female
99,2,6,20,Yes,12.685,Yes,0.267213,Female
99,2,6,15,Yes,12.685,Yes,0.285388367,Female
99,3,1,31,No,12.15,No,0.083416665,Female
99,3,1,20,No,12.15,Yes,0.1816266,Female
99,3,1,15,No,12.15,Yes,0.035298988,Female
99,3,2,31,Yes,12.15,Yes,0.072456015,Female
99,3,2,20,Yes,12.15,Yes,0.133716525,Female
99,3,2,15,Yes,12.15,Yes,0.181493325,Female
99,3,3,31,No,12.15,No,0.09411215,Female
99,3,3,20,No,12.15,Yes,0.097478038,Female
99,3,3,15,No,12.15,Yes,0.064315295,Female
99,3,4,31,Yes,12.15,Yes,0.072642083,Female
99,3,4,20,Yes,12.15,Yes,0.1611154,Female
99,3,4,15,Yes,12.15,Yes,0.161649625,Female
99,3,5,31,No,12.15,No,0.088618518,Female
99,3,5,20,No,12.15,Yes,0.08824271,Female
99,3,5,15,No,12.15,Yes,0.07131841,Female
99,3,6,31,Yes,12.15,Yes,0.086245948,Female
99,3,6,20,Yes,12.15,Yes,0.2089085,Female
99,3,6,15,Yes,12.15,Yes,0.191378525,Female
100,1,1,31,No,14.53,No,0.025224525,Female
100,1,1,20,No,14.53,Yes,0.1893842,Female
100,1,1,15,No,14.53,Yes,0.056096458,Female
100,1,2,31,Yes,14.53,Yes,0.175053375,Female
100,1,2,20,Yes,14.53,Yes,0.167932,Female
100,1,2,15,Yes,14.53,Yes,0.3079593,Female
100,1,3,31,No,14.53,No,0.019072363,Female
100,1,3,20,No,14.53,Yes,0.13002285,Female
100,1,3,15,No,14.53,Yes,0.032882178,Female
100,1,4,31,Yes,14.53,Yes,0.15745154,Female
100,1,4,20,Yes,14.53,Yes,0.140221,Female
100,1,4,15,Yes,14.53,Yes,0.274812225,Female
100,1,5,31,No,14.53,No,0.0279309,Female
100,1,5,20,No,14.53,Yes,0.146581475,Female
100,1,5,15,No,14.53,Yes,0.031835898,Female
100,1,6,31,Yes,14.53,Yes,0.143313725,Female
100,1,6,20,Yes,14.53,Yes,0.200111225,Female
100,1,6,15,Yes,14.53,Yes,0.27110765,Female
100,2,1,31,No,14.95,No,0.100004613,Female
100,2,1,20,No,14.95,Yes,0.1516078,Female
100,2,1,15,No,14.95,Yes,0.144598333,Female
100,2,2,31,Yes,14.95,Yes,0.146012367,Female
100,2,2,20,Yes,14.95,Yes,0.244879567,Female
100,2,2,15,Yes,14.95,Yes,0.300412933,Female
100,2,3,31,No,14.95,No,0.120001667,Female
100,2,3,20,No,14.95,Yes,0.187871433,Female
100,2,3,15,No,14.95,Yes,0.114295933,Female
100,2,4,31,Yes,14.95,Yes,0.147596967,Female
100,2,4,20,Yes,14.95,Yes,0.333054567,Female
100,2,4,15,Yes,14.95,Yes,0.279468833,Female
100,2,5,31,No,14.95,No,0.125501667,Female
100,2,5,20,No,14.95,Yes,0.200000633,Female
100,2,5,15,No,14.95,Yes,0.2032823,Female
100,2,6,31,Yes,14.95,Yes,0.143825433,Female
100,2,6,20,Yes,14.95,Yes,0.3475173,Female
100,2,6,15,Yes,14.95,Yes,0.288465167,Female
100,3,1,31,No,15.15,No,0.0729397,Female
100,3,1,20,No,15.15,Yes,0.2272629,Female
100,3,1,15,No,15.15,Yes,0.14488235,Female
100,3,2,31,Yes,15.15,Yes,0.109485775,Female
100,3,2,20,Yes,15.15,Yes,0.22951885,Female
100,3,2,15,Yes,15.15,Yes,0.255298,Female
100,3,3,31,No,15.15,No,0.109485775,Female
100,3,3,20,No,15.15,Yes,0.129562775,Female
100,3,3,15,No,15.15,Yes,0.135341875,Female
100,3,4,31,Yes,15.15,Yes,0.120024125,Female
100,3,4,20,Yes,15.15,Yes,0.367147775,Female
100,3,4,15,Yes,15.15,Yes,0.24081575,Female
100,3,5,31,No,15.15,No,0.111040618,Female
100,3,5,20,No,15.15,Yes,0.216533525,Female
100,3,5,15,No,15.15,Yes,0.224102725,Female
100,3,6,31,Yes,15.15,Yes,0.150562375,Female
100,3,6,20,Yes,15.15,Yes,0.31655255,Female
100,3,6,15,Yes,15.15,Yes,0.2798852,Female
104,1,1,31,No,8.69,No,0.010620435,Female
104,1,1,20,No,8.69,Yes,0.180907325,Female
104,1,1,15,No,8.69,Yes,0.03426361,Female
104,1,2,31,Yes,8.69,Yes,0.094118295,Female
104,1,2,20,Yes,8.69,Yes,0.115857225,Female
104,1,2,15,Yes,8.69,Yes,0.22469995,Female
104,1,3,31,No,8.69,No,0.036109125,Female
104,1,3,20,No,8.69,Yes,0.119046725,Female
104,1,3,15,No,8.69,Yes,0.032700148,Female
104,1,4,31,Yes,8.69,Yes,0.079424488,Female
104,1,4,20,Yes,8.69,Yes,0.17938885,Female
104,1,4,15,Yes,8.69,Yes,0.21123385,Female
104,1,5,31,No,8.69,No,0.047445075,Female
104,1,5,20,No,8.69,Yes,0.128297825,Female
104,1,5,15,No,8.69,Yes,0.182983725,Female
104,1,6,31,Yes,8.69,Yes,0.067181463,Female
104,1,6,20,Yes,8.69,Yes,0.1901897,Female
104,1,6,15,Yes,8.69,Yes,0.277248925,Female
104,2,1,31,No,9.65,No,8.69E-02,Female
104,2,1,20,No,9.65,Yes,0.100444047,Female
104,2,1,15,No,9.65,Yes,4.71E-02,Female
104,2,2,31,Yes,9.65,Yes,1.01E-01,Female
104,2,2,20,Yes,9.65,Yes,0.259829,Female
104,2,2,15,Yes,9.65,Yes,0.23533,Female
104,2,3,31,No,9.65,No,0.103864333,Female
104,2,3,20,No,9.65,Yes,0.187871433,Female
104,2,3,15,No,9.65,Yes,0.1905072,Female
104,2,4,31,Yes,9.65,Yes,0.105016967,Female
104,2,4,20,Yes,9.65,Yes,0.230147933,Female
104,2,4,15,Yes,9.65,Yes,0.279843167,Female
104,2,5,31,No,9.65,No,0.109860957,Female
104,2,5,20,No,9.65,Yes,0.219556033,Female
104,2,5,15,No,9.65,Yes,0.197194533,Female
104,2,6,31,Yes,9.65,Yes,0.1211681,Female
104,2,6,20,Yes,9.65,Yes,0.1840077,Female
104,2,6,15,Yes,9.65,Yes,0.247742033,Female
104,3,1,31,No,10.95,No,0.09175477,Female
104,3,1,20,No,10.95,Yes,0.074905203,Female
104,3,1,15,No,10.95,Yes,0.15185765,Female
104,3,2,31,Yes,10.95,Yes,0.083115658,Female
104,3,2,20,Yes,10.95,Yes,0.2809677,Female
104,3,2,15,Yes,10.95,Yes,0.201328225,Female
104,3,3,31,No,10.95,No,0.084894003,Female
104,3,3,20,No,10.95,Yes,0.246021225,Female
104,3,3,15,No,10.95,Yes,0.14468335,Female
104,3,4,31,Yes,10.95,Yes,0.0918235,Female
104,3,4,20,Yes,10.95,Yes,0.17640495,Female
104,3,4,15,Yes,10.95,Yes,0.2149485,Female
104,3,5,31,No,10.95,No,0.076616933,Female
104,3,5,20,No,10.95,Yes,0.17692545,Female
104,3,5,15,No,10.95,Yes,0.15019465,Female
104,3,6,31,Yes,10.95,Yes,0.096087623,Female
104,3,6,20,Yes,10.95,Yes,0.2814892,Female
104,3,6,15,Yes,10.95,Yes,0.203211675,Female
107,1,1,31,No,15.76,No,0.05778795,Female
107,1,1,20,No,15.76,Yes,0.2734211,Female
107,1,1,15,No,15.76,Yes,0.30455915,Female
107,1,2,31,Yes,15.76,Yes,0.169234275,Female
107,1,2,20,Yes,15.76,Yes,0.222579075,Female
107,1,2,15,Yes,15.76,Yes,0.392936675,Female
107,1,3,31,No,15.76,No,0.07952635,Female
107,1,3,20,No,15.76,Yes,0.292489075,Female
107,1,3,15,No,15.76,Yes,0.234388425,Female
107,1,4,31,Yes,15.76,Yes,0.1615434,Female
107,1,4,20,Yes,15.76,Yes,0.25339405,Female
107,1,4,15,Yes,15.76,Yes,0.335370675,Female
107,1,5,31,No,15.76,No,0.07387435,Female
107,1,5,20,No,15.76,Yes,0.273549925,Female
107,1,5,15,No,15.76,Yes,0.2143854,Female
107,1,6,31,Yes,15.76,Yes,0.1711068,Female
107,1,6,20,Yes,15.76,Yes,0.261452225,Female
107,1,6,15,Yes,15.76,Yes,0.316010775,Female
107,2,1,31,No,13.8,No,0.1082925,Female
107,2,1,20,No,13.8,Yes,0.3125173,Female
107,2,1,15,No,13.8,Yes,0.1265104,Female
107,2,2,31,Yes,13.8,Yes,0.194979567,Female
107,2,2,20,Yes,13.8,Yes,0.1721223,Female
107,2,2,15,Yes,13.8,Yes,0.421740433,Female
107,2,3,31,No,13.8,No,0.154412333,Female
107,2,3,20,No,13.8,Yes,0.229825067,Female
107,2,3,15,No,13.8,Yes,0.147503533,Female
107,2,4,31,Yes,13.8,Yes,0.186080733,Female
107,2,4,20,Yes,13.8,Yes,0.233305433,Female
107,2,4,15,Yes,13.8,Yes,0.417748833,Female
107,2,5,31,No,13.8,No,0.159209933,Female
107,2,5,20,No,13.8,Yes,0.249110233,Female
107,2,5,15,No,13.8,Yes,0.2152498,Female
107,2,6,31,Yes,13.8,Yes,0.182139433,Female
107,2,6,20,Yes,13.8,Yes,0.247324933,Female
107,2,6,15,Yes,13.8,Yes,0.424999033,Female
107,3,1,31,No,14.95,No,0.071603278,Female
107,3,1,20,No,14.95,Yes,0.31113815,Female
107,3,1,15,No,14.95,Yes,0.2500359,Female
107,3,2,31,Yes,14.95,Yes,0.168788875,Female
107,3,2,20,Yes,14.95,Yes,0.1894169,Female
107,3,2,15,Yes,14.95,Yes,0.2674153,Female
107,3,3,31,No,14.95,No,0.148970175,Female
107,3,3,20,No,14.95,Yes,0.26190715,Female
107,3,3,15,No,14.95,Yes,0.235083875,Female
107,3,4,31,Yes,14.95,Yes,0.1781408,Female
107,3,4,20,Yes,14.95,Yes,0.264377925,Female
107,3,4,15,Yes,14.95,Yes,0.3032944,Female
107,3,5,31,No,14.95,No,0.154298,Female
107,3,5,20,No,14.95,Yes,0.2738011,Female
107,3,5,15,No,14.95,Yes,0.07131841,Female
107,3,6,31,Yes,14.95,Yes,0.164224,Female
107,3,6,20,Yes,14.95,Yes,0.257586925,Female
107,3,6,15,Yes,14.95,Yes,0.350118225,Female
108,1,1,31,No,15.11,No,0.0295829,Female
108,1,1,20,No,15.11,Yes,0.229281575,Female
108,1,1,15,No,15.11,Yes,0.2098989,Female
108,1,2,31,Yes,15.11,Yes,0.1802227,Female
108,1,2,20,Yes,15.11,Yes,0.223328725,Female
108,1,2,15,Yes,15.11,Yes,0.3614869,Female
108,1,3,31,No,15.11,No,0.01758543,Female
108,1,3,20,No,15.11,Yes,0.17992005,Female
108,1,3,15,No,15.11,Yes,0.034888748,Female
108,1,4,31,Yes,15.11,Yes,0.141034875,Female
108,1,4,20,Yes,15.11,Yes,0.16892135,Female
108,1,4,15,Yes,15.11,Yes,0.3322403,Female
108,1,5,31,No,15.11,No,0.014118365,Female
108,1,5,20,No,15.11,Yes,0.065682725,Female
108,1,5,15,No,15.11,Yes,0.020292555,Female
108,1,6,31,Yes,15.11,Yes,0.21638065,Female
108,1,6,20,Yes,15.11,Yes,0.198354725,Female
108,1,6,15,Yes,15.11,Yes,0.298377675,Female
108,2,1,31,No,14,No,5.22E-02,Female
108,2,1,20,No,14,Yes,0.164928433,Female
108,2,1,15,No,14,Yes,3.02E-02,Female
108,2,2,31,Yes,14,Yes,0.145820267,Female
108,2,2,20,Yes,14,Yes,0.242488467,Female
108,2,2,15,Yes,14,Yes,0.295620267,Female
108,2,3,31,No,14,No,7.78E-02,Female
108,2,3,20,No,14,Yes,5.48E-02,Female
108,2,3,15,No,14,Yes,2.53E-02,Female
108,2,4,31,Yes,14,Yes,0.183259433,Female
108,2,4,20,Yes,14,Yes,0.2068765,Female
108,2,4,15,Yes,14,Yes,0.285376733,Female
108,2,5,31,No,14,No,9.12E-02,Female
108,2,5,20,No,14,Yes,0.1336857,Female
108,2,5,15,No,14,Yes,3.69E-02,Female
108,2,6,31,Yes,14,Yes,0.160864933,Female
108,2,6,20,Yes,14,Yes,0.222695133,Female
108,2,6,15,Yes,14,Yes,0.287102067,Female
108,3,1,31,No,16.15,No,0.1051625,Female
108,3,1,20,No,16.15,Yes,0.265891875,Female
108,3,1,15,No,16.15,Yes,0.059985198,Female
108,3,2,31,Yes,16.15,Yes,0.11646475,Female
108,3,2,20,Yes,16.15,Yes,0.251093275,Female
108,3,2,15,Yes,16.15,Yes,0.2758936,Female
108,3,3,31,No,16.15,No,0.11823,Female
108,3,3,20,No,16.15,Yes,0.1400823,Female
108,3,3,15,No,16.15,Yes,0.038213345,Female
108,3,4,31,Yes,16.15,Yes,0.1282398,Female
108,3,4,20,Yes,16.15,Yes,0.239482025,Female
108,3,4,15,Yes,16.15,Yes,0.2788584,Female
108,3,5,31,No,16.15,No,0.104173325,Female
108,3,5,20,No,16.15,Yes,0.181149875,Female
108,3,5,15,No,16.15,Yes,0.042373488,Female
108,3,6,31,Yes,16.15,Yes,0.143378175,Female
108,3,6,20,Yes,16.15,Yes,0.2685395,Female
108,3,6,15,Yes,16.15,Yes,0.2797227,Female
109,1,1,31,No,14.76,No,0.07338385,Female
109,1,1,20,No,14.76,Yes,0.23299575,Female
109,1,1,15,No,14.76,Yes,0.097001628,Female
109,1,2,31,Yes,14.76,Yes,0.129955475,Female
109,1,2,20,Yes,14.76,Yes,0.23889965,Female
109,1,2,15,Yes,14.76,Yes,0.346345975,Female
109,1,3,31,No,14.76,No,0.0275117,Female
109,1,3,20,No,14.76,Yes,0.153142825,Female
109,1,3,15,No,14.76,Yes,0.038017798,Female
109,1,4,31,Yes,14.76,Yes,0.104398575,Female
109,1,4,20,Yes,14.76,Yes,0.216630625,Female
109,1,4,15,Yes,14.76,Yes,0.309338375,Female
109,1,5,31,No,14.76,No,0.06024745,Female
109,1,5,20,No,14.76,Yes,0.172103575,Female
109,1,5,15,No,14.76,Yes,0.032649225,Female
109,1,6,31,Yes,14.76,Yes,,Female
109,1,6,20,Yes,14.76,Yes,,Female
109,1,6,15,Yes,14.76,Yes,,Female
109,2,1,31,No,13.9,No,9.37E-02,Female
109,2,1,20,No,13.9,Yes,0.342772267,Female
109,2,1,15,No,13.9,Yes,3.30E-02,Female
109,2,2,31,Yes,13.9,Yes,0.176856,Female
109,2,2,20,Yes,13.9,Yes,0.251691567,Female
109,2,2,15,Yes,13.9,Yes,0.298198067,Female
109,2,3,31,No,13.9,No,8.85E-02,Female
109,2,3,20,No,13.9,Yes,0.1919009,Female
109,2,3,15,No,13.9,Yes,3.39E-02,Female
109,2,4,31,Yes,13.9,Yes,0.184741867,Female
109,2,4,20,Yes,13.9,Yes,0.253147133,Female
109,2,4,15,Yes,13.9,Yes,0.283713333,Female
109,2,5,31,No,13.9,No,0.106331067,Female
109,2,5,20,No,13.9,Yes,0.1295333,Female
109,2,5,15,No,13.9,Yes,3.79E-02,Female
109,2,6,31,Yes,13.9,Yes,0.205890033,Female
109,2,6,20,Yes,13.9,Yes,0.244065,Female
109,2,6,15,Yes,13.9,Yes,0.312355967,Female
109,3,1,31,No,15.4,No,0.101187563,Female
109,3,1,20,No,15.4,Yes,0.319589175,Female
109,3,1,15,No,15.4,Yes,0.040273075,Female
109,3,2,31,Yes,15.4,Yes,0.166100275,Female
109,3,2,20,Yes,15.4,Yes,0.2607719,Female
109,3,2,15,Yes,15.4,Yes,0.33765235,Female
109,3,3,31,No,15.4,No,0.094420438,Female
109,3,3,20,No,15.4,Yes,0.2688982,Female
109,3,3,15,No,15.4,Yes,0.34526285,Female
109,3,4,31,Yes,15.4,Yes,0.16958745,Female
109,3,4,20,Yes,15.4,Yes,0.231774725,Female
109,3,4,15,Yes,15.4,Yes,0.29077665,Female
109,3,5,31,No,15.4,No,0.097444025,Female
109,3,5,20,No,15.4,Yes,0.318145075,Female
109,3,5,15,No,15.4,Yes,0.036244383,Female
109,3,6,31,Yes,15.4,Yes,0.192493925,Female
109,3,6,20,Yes,15.4,Yes,0.293057275,Female
109,3,6,15,Yes,15.4,Yes,0.319519975,Female
110,1,1,31,No,16.3,No,0.05772345,Female
110,1,1,20,No,16.3,Yes,0.31689085,Female
110,1,1,15,No,16.3,Yes,0.145007625,Female
110,1,2,31,Yes,16.3,Yes,0.151929225,Female
110,1,2,20,Yes,16.3,Yes,0.221420975,Female
110,1,2,15,Yes,16.3,Yes,0.502863725,Female
110,1,3,31,No,16.3,No,0.07954745,Female
110,1,3,20,No,16.3,Yes,0.2251012,Female
110,1,3,15,No,16.3,Yes,0.34575095,Female
110,1,4,31,Yes,16.3,Yes,0.14265935,Female
110,1,4,20,Yes,16.3,Yes,0.352156925,Female
110,1,4,15,Yes,16.3,Yes,0.43672725,Female
110,1,5,31,No,16.3,No,0.0663148,Female
110,1,5,20,No,16.3,Yes,0.290336425,Female
110,1,5,15,No,16.3,Yes,0.224423275,Female
110,1,6,31,Yes,16.3,Yes,,Female
110,1,6,20,Yes,16.3,Yes,,Female
110,1,6,15,Yes,16.3,Yes,,Female
110,2,1,31,No,14.45,No,0.114834033,Female
110,2,1,20,No,14.45,Yes,0.2242099,Female
110,2,1,15,No,14.45,Yes,0.239116,Female
110,2,2,31,Yes,14.45,Yes,0.134107767,Female
110,2,2,20,Yes,14.45,Yes,0.275162667,Female
110,2,2,15,Yes,14.45,Yes,0.2712873,Female
110,2,3,31,No,14.45,No,0.1095162,Female
110,2,3,20,No,14.45,Yes,0.164037233,Female
110,2,3,15,No,14.45,Yes,0.134052767,Female
110,2,4,31,Yes,14.45,Yes,0.176352133,Female
110,2,4,20,Yes,14.45,Yes,0.2155333,Female
110,2,4,15,Yes,14.45,Yes,0.279141833,Female
110,2,5,31,No,14.45,No,0.109587133,Female
110,2,5,20,No,14.45,Yes,0.137741167,Female
110,2,5,15,No,14.45,Yes,0.126021667,Female
110,2,6,31,Yes,14.45,Yes,0.186598375,Female
110,2,6,20,Yes,14.45,Yes,0.281237467,Female
110,2,6,15,Yes,14.45,Yes,0.298314367,Female
110,3,1,31,No,15.3,No,0.155892725,Female
110,3,1,20,No,15.3,Yes,0.333497575,Female
110,3,1,15,No,15.3,Yes,0.4161317,Female
110,3,2,31,Yes,15.3,Yes,0.150533175,Female
110,3,2,20,Yes,15.3,Yes,0.3132297,Female
110,3,2,15,Yes,15.3,Yes,0.38871925,Female
110,3,3,31,No,15.3,No,0.1718374,Female
110,3,3,20,No,15.3,Yes,0.2688561,Female
110,3,3,15,No,15.3,Yes,0.30652435,Female
110,3,4,31,Yes,15.3,Yes,0.160312925,Female
110,3,4,20,Yes,15.3,Yes,0.30943955,Female
110,3,4,15,Yes,15.3,Yes,0.390392525,Female
110,3,5,31,No,15.3,No,0.131864645,Female
110,3,5,20,No,15.3,Yes,0.292664675,Female
110,3,5,15,No,15.3,Yes,0.317383625,Female
110,3,6,31,Yes,15.3,Yes,0.1629591,Female
110,3,6,20,Yes,15.3,Yes,0.2836928,Female
110,3,6,15,Yes,15.3,Yes,0.326548,Female
111,1,1,31,No,15.12,No,0.026557475,Female
111,1,1,20,No,15.12,Yes,0.22640075,Female
111,1,1,15,No,15.12,Yes,0.1011369,Female
111,1,2,31,Yes,15.12,Yes,0.142163975,Female
111,1,2,20,Yes,15.12,Yes,0.187770325,Female
111,1,2,15,Yes,15.12,Yes,0.304132375,Female
111,1,3,31,No,15.12,No,0.0465457,Female
111,1,3,20,No,15.12,Yes,0.235072125,Female
111,1,3,15,No,15.12,Yes,0.220375675,Female
111,1,4,31,Yes,15.12,Yes,0.1228716,Female
111,1,4,20,Yes,15.12,Yes,0.291225075,Female
111,1,4,15,Yes,15.12,Yes,0.302892425,Female
111,1,5,31,No,15.12,No,0.04356065,Female
111,1,5,20,No,15.12,Yes,0.17103855,Female
111,1,5,15,No,15.12,Yes,0.187184625,Female
111,1,6,31,Yes,15.12,Yes,,Female
111,1,6,20,Yes,15.12,Yes,,Female
111,1,6,15,Yes,15.12,Yes,,Female
111,2,1,31,No,13.65,No,0.072021755,Female
111,2,1,20,No,13.65,Yes,0.1768371,Female
111,2,1,15,No,13.65,Yes,0.1092468,Female
111,2,2,31,Yes,13.65,Yes,0.10184713,Female
111,2,2,20,Yes,13.65,Yes,0.248999625,Female
111,2,2,15,Yes,13.65,Yes,0.2535158,Female
111,2,3,31,No,13.65,No,0.109446575,Female
111,2,3,20,No,13.65,Yes,0.13018145,Female
111,2,3,15,No,13.65,Yes,0.111090375,Female
111,2,4,31,Yes,13.65,Yes,0.112689575,Female
111,2,4,20,Yes,13.65,Yes,0.2547452,Female
111,2,4,15,Yes,13.65,Yes,0.253722475,Female
111,2,5,31,No,13.65,No,0.052646975,Female
111,2,5,20,No,13.65,Yes,0.156854575,Female
111,2,5,15,No,13.65,Yes,0.144349825,Female
111,2,6,31,Yes,13.65,Yes,0.124359175,Female
111,2,6,20,Yes,13.65,Yes,0.25597795,Female
111,2,6,15,Yes,13.65,Yes,0.248597,Female
111,3,1,31,No,14.45,No,0.08553487,Female
111,3,1,20,No,14.45,Yes,0.130941375,Female
111,3,1,15,No,14.45,Yes,0.09248011,Female
111,3,2,31,Yes,14.45,Yes,0.11186165,Female
111,3,2,20,Yes,14.45,Yes,0.281183,Female
111,3,2,15,Yes,14.45,Yes,0.263610225,Female
111,3,3,31,No,14.45,No,0.103544389,Female
111,3,3,20,No,14.45,Yes,0.251192875,Female
111,3,3,15,No,14.45,Yes,0.223523375,Female
111,3,4,31,Yes,14.45,Yes,0.054293135,Female
111,3,4,20,Yes,14.45,Yes,0.2762369,Female
111,3,4,15,Yes,14.45,Yes,0.251869825,Female
111,3,5,31,No,14.45,No,0.1357018,Female
111,3,5,20,No,14.45,Yes,0.2107463,Female
111,3,5,15,No,14.45,Yes,0.21405025,Female
111,3,6,31,Yes,14.45,Yes,0.120183525,Female
111,3,6,20,Yes,14.45,Yes,0.33965,Female
111,3,6,15,Yes,14.45,Yes,0.25625525,Female
112,1,1,31,No,14.05,No,0.0414729,Female
112,1,1,20,No,14.05,Yes,0.23700925,Female
112,1,1,15,No,14.05,Yes,0.107377875,Female
112,1,2,31,Yes,14.05,Yes,0.13037091,Female
112,1,2,20,Yes,14.05,Yes,0.2537148,Female
112,1,2,15,Yes,14.05,Yes,0.465803,Female
112,1,3,31,No,14.05,No,0.02097296,Female
112,1,3,20,No,14.05,Yes,0.1171336,Female
112,1,3,15,No,14.05,Yes,0.098000993,Female
112,1,4,31,Yes,14.05,Yes,0.130166625,Female
112,1,4,20,Yes,14.05,Yes,0.190896525,Female
112,1,4,15,Yes,14.05,Yes,0.325020275,Female
112,1,5,31,No,14.05,No,0.022472208,Female
112,1,5,20,No,14.05,Yes,0.113647285,Female
112,1,5,15,No,14.05,Yes,0.054546098,Female
112,1,6,31,Yes,14.05,Yes,,Female
112,1,6,20,Yes,14.05,Yes,,Female
112,1,6,15,Yes,14.05,Yes,,Female
112,2,1,31,No,14.15,No,0.114047667,Female
112,2,1,20,No,14.15,Yes,0.186464967,Female
112,2,1,15,No,14.15,Yes,0.272139967,Female
112,2,2,31,Yes,14.15,Yes,0.137199633,Female
112,2,2,20,Yes,14.15,Yes,0.3177289,Female
112,2,2,15,Yes,14.15,Yes,0.367005367,Female
112,2,3,31,No,14.15,No,0.155981567,Female
112,2,3,20,No,14.15,Yes,0.291967333,Female
112,2,3,15,No,14.15,Yes,0.336987833,Female
112,2,4,31,Yes,14.15,Yes,0.122698167,Female
112,2,4,20,Yes,14.15,Yes,0.311756267,Female
112,2,4,15,Yes,14.15,Yes,0.2615669,Female
112,2,5,31,No,14.15,No,0.150517133,Female
112,2,5,20,No,14.15,Yes,0.272221667,Female
112,2,5,15,No,14.15,Yes,0.332685167,Female
112,2,6,31,Yes,14.15,Yes,0.1400045,Female
112,2,6,20,Yes,14.15,Yes,0.2744838,Female
112,2,6,15,Yes,14.15,Yes,0.327615,Female
112,3,1,31,No,15.55,No,0.139937325,Female
112,3,1,20,No,15.55,Yes,0.2892626,Female
112,3,1,15,No,15.55,Yes,0.31702955,Female
112,3,2,31,Yes,15.55,Yes,0.118440075,Female
112,3,2,20,Yes,15.55,Yes,0.26029265,Female
112,3,2,15,Yes,15.55,Yes,0.3207052,Female
112,3,3,31,No,15.55,No,0.12705745,Female
112,3,3,20,No,15.55,Yes,0.168040975,Female
112,3,3,15,No,15.55,Yes,0.2891276,Female
112,3,4,31,Yes,15.55,Yes,0.128800675,Female
112,3,4,20,Yes,15.55,Yes,0.179862575,Female
112,3,4,15,Yes,15.55,Yes,0.331003625,Female
112,3,5,31,No,15.55,No,0.127982475,Female
112,3,5,20,No,15.55,Yes,0.339748525,Female
112,3,5,15,No,15.55,Yes,0.30027525,Female
112,3,6,31,Yes,15.55,Yes,0.132950525,Female
112,3,6,20,Yes,15.55,Yes,0.27286485,Female
112,3,6,15,Yes,15.55,Yes,0.323905325,Female
113,1,1,31,No,14.21,No,0.058970063,Female
113,1,1,20,No,14.21,Yes,0.091576593,Female
113,1,1,15,No,14.21,Yes,0.031960693,Female
113,1,2,31,Yes,14.21,Yes,0.07476023,Female
113,1,2,20,Yes,14.21,Yes,0.195009025,Female
113,1,2,15,Yes,14.21,Yes,0.31383425,Female
113,1,3,31,No,14.21,No,0.030974598,Female
113,1,3,20,No,14.21,Yes,0.07476023,Female
113,1,3,15,No,14.21,Yes,0.02210336,Female
113,1,4,31,Yes,14.21,Yes,0.134606525,Female
113,1,4,20,Yes,14.21,Yes,0.176296125,Female
113,1,4,15,Yes,14.21,Yes,0.31473055,Female
113,1,5,31,No,14.21,No,,Female
113,1,5,20,No,14.21,Yes,,Female
113,1,5,15,No,14.21,Yes,,Female
113,1,6,31,Yes,14.21,Yes,,Female
113,1,6,20,Yes,14.21,Yes,,Female
113,1,6,15,Yes,14.21,Yes,,Female
113,2,1,31,No,13.4,No,6.01E-02,Female
113,2,1,20,No,13.4,Yes,0.186464967,Female
113,2,1,15,No,13.4,Yes,0.2967291,Female
113,2,2,31,Yes,13.4,Yes,0.1234994,Female
113,2,2,20,Yes,13.4,Yes,0.223356067,Female
113,2,2,15,Yes,13.4,Yes,0.259799367,Female
113,2,3,31,No,13.4,No,7.08E-02,Female
113,2,3,20,No,13.4,Yes,4.72E-02,Female
113,2,3,15,No,13.4,Yes,2.13E-02,Female
113,2,4,31,Yes,13.4,Yes,0.123587133,Female
113,2,4,20,Yes,13.4,Yes,0.234054733,Female
113,2,4,15,Yes,13.4,Yes,0.234821267,Female
113,2,5,31,No,13.4,No,7.26E-02,Female
113,2,5,20,No,13.4,Yes,0.262069333,Female
113,2,5,15,No,13.4,Yes,3.27E-02,Female
113,2,6,31,Yes,13.4,Yes,0.133375433,Female
113,2,6,20,Yes,13.4,Yes,0.234098033,Female
113,2,6,15,Yes,13.4,Yes,0.225939733,Female
113,3,1,31,No,14.9,No,0.10600295,Female
113,3,1,20,No,14.9,Yes,0.287742025,Female
113,3,1,15,No,14.9,Yes,0.251756525,Female
113,3,2,31,Yes,14.9,Yes,0.134655725,Female
113,3,2,20,Yes,14.9,Yes,0.2528352,Female
113,3,2,15,Yes,14.9,Yes,0.295255225,Female
113,3,3,31,No,14.9,No,0.128944675,Female
113,3,3,20,No,14.9,Yes,0.334679725,Female
113,3,3,15,No,14.9,Yes,0.06098275,Female
113,3,4,31,Yes,14.9,Yes,0.12036775,Female
113,3,4,20,Yes,14.9,Yes,0.22499645,Female
113,3,4,15,Yes,14.9,Yes,0.234821267,Female
113,3,5,31,No,14.9,No,0.053630163,Female
113,3,5,20,No,14.9,Yes,0.339748525,Female
113,3,5,15,No,14.9,Yes,0.070759123,Female
113,3,6,31,Yes,14.9,Yes,0.137943475,Female
113,3,6,20,Yes,14.9,Yes,0.232490175,Female
113,3,6,15,Yes,14.9,Yes,0.2958777,Female
114,1,1,31,No,13.53,No,0.064933243,Male
114,1,1,20,No,13.53,Yes,0.175896075,Male
114,1,1,15,No,13.53,Yes,0.03769909,Male
114,1,2,31,Yes,13.53,Yes,0.09502655,Male
114,1,2,20,Yes,13.53,Yes,0.1260163,Male
114,1,2,15,Yes,13.53,Yes,0.2759911,Male
114,1,3,31,No,13.53,No,0.055220343,Male
114,1,3,20,No,13.53,Yes,0.09502655,Male
114,1,3,15,No,13.53,Yes,0.030158885,Male
114,1,4,31,Yes,13.53,Yes,0.144245375,Male
114,1,4,20,Yes,13.53,Yes,0.158081075,Male
114,1,4,15,Yes,13.53,Yes,0.2903875,Male
114,1,5,31,No,13.53,No,,Male
114,1,5,20,No,13.53,Yes,,Male
114,1,5,15,No,13.53,Yes,,Male
114,1,6,31,Yes,13.53,Yes,,Male
114,1,6,20,Yes,13.53,Yes,,Male
114,1,6,15,Yes,13.53,Yes,,Male
114,2,1,31,No,13.6,No,4.81E-02,Male
114,2,1,20,No,13.6,Yes,0.316219133,Male
114,2,1,15,No,13.6,Yes,0.117605053,Male
114,2,2,31,Yes,13.6,Yes,0.115930933,Male
114,2,2,20,Yes,13.6,Yes,0.248550367,Male
114,2,2,15,Yes,13.6,Yes,0.315211367,Male
114,2,3,31,No,13.6,No,0.1284836,Male
114,2,3,20,No,13.6,Yes,0.195944333,Male
114,2,3,15,No,13.6,Yes,0.250216867,Male
114,2,4,31,Yes,13.6,Yes,0.130415667,Male
114,2,4,20,Yes,13.6,Yes,0.2691069,Male
114,2,4,15,Yes,13.6,Yes,0.2619371,Male
114,2,5,31,No,13.6,No,0.1433387,Male
114,2,5,20,No,13.6,Yes,0.262069333,Male
114,2,5,15,No,13.6,Yes,0.305844233,Male
114,2,6,31,Yes,13.6,Yes,0.164744367,Male
114,2,6,20,Yes,13.6,Yes,0.342411267,Male
114,2,6,15,Yes,13.6,Yes,0.354466267,Male
114,3,1,31,No,14.15,No,0.099615383,Male
114,3,1,20,No,14.15,Yes,0.20826615,Male
114,3,1,15,No,14.15,Yes,0.102802828,Male
114,3,2,31,Yes,14.15,Yes,0.15654675,Male
114,3,2,20,Yes,14.15,Yes,0.388942425,Male
114,3,2,15,Yes,14.15,Yes,0.30980415,Male
114,3,3,31,No,14.15,No,0.142799925,Male
114,3,3,20,No,14.15,Yes,0.198864675,Male
114,3,3,15,No,14.15,Yes,0.142799925,Male
114,3,4,31,Yes,14.15,Yes,0.158569925,Male
114,3,4,20,Yes,14.15,Yes,0.22885815,Male
114,3,4,15,Yes,14.15,Yes,0.34726705,Male
114,3,5,31,No,14.15,No,0.1277704,Male
114,3,5,20,No,14.15,Yes,0.24810025,Male
114,3,5,15,No,14.15,Yes,0.29868625,Male
114,3,6,31,Yes,14.15,Yes,0.176059125,Male
114,3,6,20,Yes,14.15,Yes,0.23167065,Male
114,3,6,15,Yes,14.15,Yes,0.360697325,Male
115,1,1,31,No,13.52,No,0.097239195,Female
115,1,1,20,No,13.52,Yes,0.274017675,Female
115,1,1,15,No,13.52,Yes,0.270230925,Female
115,1,2,31,Yes,13.52,Yes,0.166809025,Female
115,1,2,20,Yes,13.52,Yes,0.2433217,Female
115,1,2,15,Yes,13.52,Yes,0.296341625,Female
115,1,3,31,No,13.52,No,0.101305223,Female
115,1,3,20,No,13.52,Yes,0.166809025,Female
115,1,3,15,No,13.52,Yes,0.253735425,Female
115,1,4,31,Yes,13.52,Yes,0.1285204,Female
115,1,4,20,Yes,13.52,Yes,0.244956225,Female
115,1,4,15,Yes,13.52,Yes,0.317255925,Female
115,1,5,31,No,13.52,No,,Female
115,1,5,20,No,13.52,Yes,,Female
115,1,5,15,No,13.52,Yes,,Female
115,1,6,31,Yes,13.52,Yes,,Female
115,1,6,20,Yes,13.52,Yes,,Female
115,1,6,15,Yes,13.52,Yes,,Female
115,2,1,31,No,12.55,No,8.09E-02,Female
115,2,1,20,No,12.55,Yes,0.253260867,Female
115,2,1,15,No,12.55,Yes,0.124384833,Female
115,2,2,31,Yes,12.55,Yes,0.145332933,Female
115,2,2,20,Yes,12.55,Yes,0.270085233,Female
115,2,2,15,Yes,12.55,Yes,0.321463267,Female
115,2,3,31,No,12.55,No,0.1404315,Female
115,2,3,20,No,12.55,Yes,0.241542467,Female
115,2,3,15,No,12.55,Yes,0.265012333,Female
115,2,4,31,Yes,12.55,Yes,0.1478834,Female
115,2,4,20,Yes,12.55,Yes,0.278915133,Female
115,2,4,15,Yes,12.55,Yes,0.409406733,Female
115,2,5,31,No,12.55,No,0.11705194,Female
115,2,5,20,No,12.55,Yes,0.241295233,Female
115,2,5,15,No,12.55,Yes,0.3026933,Female
115,2,6,31,Yes,12.55,Yes,0.116744467,Female
115,2,6,20,Yes,12.55,Yes,0.2688792,Female
115,2,6,15,Yes,12.55,Yes,0.431787967,Female
115,3,1,31,No,16.7,No,0.100902943,Female
115,3,1,20,No,16.7,Yes,0.172152625,Female
115,3,1,15,No,16.7,Yes,0.066489765,Female
115,3,2,31,Yes,16.7,Yes,0.14363715,Female
115,3,2,20,Yes,16.7,Yes,0.2530947,Female
115,3,2,15,Yes,16.7,Yes,0.273560575,Female
115,3,3,31,No,16.7,No,0.1379682,Female
115,3,3,20,No,16.7,Yes,0.2461824,Female
115,3,3,15,No,16.7,Yes,0.272362675,Female
115,3,4,31,Yes,16.7,Yes,0.1476185,Female
115,3,4,20,Yes,16.7,Yes,0.311298975,Female
115,3,4,15,Yes,16.7,Yes,0.346618175,Female
115,3,5,31,No,16.7,No,0.079684158,Female
115,3,5,20,No,16.7,Yes,0.28744055,Female
115,3,5,15,No,16.7,Yes,0.306323725,Female
115,3,6,31,Yes,16.7,Yes,0.154542975,Female
115,3,6,20,Yes,16.7,Yes,0.293909225,Female
115,3,6,15,Yes,16.7,Yes,0.3742848,Female
116,1,1,31,No,16.2,No,0.160398233,Male
116,1,1,20,No,16.2,Yes,0.317151433,Male
116,1,1,15,No,16.2,Yes,0.3102817,Male
116,1,2,31,Yes,16.2,Yes,0.156234133,Male
116,1,2,20,Yes,16.2,Yes,0.323071367,Male
116,1,2,15,Yes,16.2,Yes,0.350698367,Male
116,1,3,31,No,16.2,No,0.1600902,Male
116,1,3,20,No,16.2,Yes,0.2978127,Male
116,1,3,15,No,16.2,Yes,0.306477167,Male
116,1,4,31,Yes,16.2,Yes,0.141039333,Male
116,1,4,20,Yes,16.2,Yes,0.269549733,Male
116,1,4,15,Yes,16.2,Yes,0.312253533,Male
116,1,5,31,No,16.2,No,0.156001533,Male
116,1,5,20,No,16.2,Yes,0.287710433,Male
116,1,5,15,No,16.2,Yes,0.334212533,Male
116,1,6,31,Yes,16.2,Yes,0.1453837,Male
116,1,6,20,Yes,16.2,Yes,0.308969333,Male
116,1,6,15,Yes,16.2,Yes,0.346200467,Male
116,2,1,31,No,18.9,No,0.101836465,Male
116,2,1,20,No,18.9,Yes,0.304626825,Male
116,2,1,15,No,18.9,Yes,0.1884449,Male
116,2,2,31,Yes,18.9,Yes,0.126935225,Male
116,2,2,20,Yes,18.9,Yes,0.283570225,Male
116,2,2,15,Yes,18.9,Yes,0.311437475,Male
116,2,3,31,No,18.9,No,0.119564625,Male
116,2,3,20,No,18.9,Yes,0.23811135,Male
116,2,3,15,No,18.9,Yes,0.244355425,Male
116,2,4,31,Yes,18.9,Yes,0.129780425,Male
116,2,4,20,Yes,18.9,Yes,0.324536225,Male
116,2,4,15,Yes,18.9,Yes,0.3189344,Male
116,2,5,31,No,18.9,No,0.086092745,Male
116,2,5,20,No,18.9,Yes,0.258458375,Male
116,2,5,15,No,18.9,Yes,0.23906875,Male
116,2,6,31,Yes,18.9,Yes,0.147947025,Male
116,2,6,20,Yes,18.9,Yes,0.3067031,Male
116,2,6,15,Yes,18.9,Yes,0.326906275,Male
116,3,1,31,No,15.4,No,0.087316893,Male
116,3,1,20,No,15.4,Yes,0.12406549,Male
116,3,1,15,No,15.4,Yes,0.1714046,Male
116,3,2,31,Yes,15.4,Yes,0.109342375,Male
116,3,2,20,Yes,15.4,Yes,0.2670343,Male
116,3,2,15,Yes,15.4,Yes,0.27362775,Male
116,3,3,31,No,15.4,No,0.09886193,Male
116,3,3,20,No,15.4,Yes,0.164599425,Male
116,3,3,15,No,15.4,Yes,0.2090316,Male
116,3,4,31,Yes,15.4,Yes,0.100197968,Male
116,3,4,20,Yes,15.4,Yes,0.16102465,Male
116,3,4,15,Yes,15.4,Yes,0.2644669,Male
116,3,5,31,No,15.4,No,0.084772445,Male
116,3,5,20,No,15.4,Yes,0.161691325,Male
116,3,5,15,No,15.4,Yes,0.06791922,Male
116,3,6,31,Yes,15.4,Yes,0.141711375,Male
116,3,6,20,Yes,15.4,Yes,0.148388025,Male
116,3,6,15,Yes,15.4,Yes,0.265692375,Male
117,1,1,31,No,20,No,0.09786636,Male
117,1,1,20,No,20,Yes,0.255880867,Male
117,1,1,15,No,20,Yes,0.145044533,Male
117,1,2,31,Yes,20,Yes,0.212625967,Male
117,1,2,20,Yes,20,Yes,0.235668333,Male
117,1,2,15,Yes,20,Yes,0.392517133,Male
117,1,3,31,No,20,No,0.119071533,Male
117,1,3,20,No,20,Yes,0.256853333,Male
117,1,3,15,No,20,Yes,0.146497067,Male
117,1,4,31,Yes,20,Yes,0.247052867,Male
117,1,4,20,Yes,20,Yes,0.242155,Male
117,1,4,15,Yes,20,Yes,0.359383033,Male
117,1,5,31,No,20,No,0.157123867,Male
117,1,5,20,No,20,Yes,0.3025468,Male
117,1,5,15,No,20,Yes,0.2431537,Male
117,1,6,31,Yes,20,Yes,0.207883867,Male
117,1,6,20,Yes,20,Yes,0.3384683,Male
117,1,6,15,Yes,20,Yes,0.368987667,Male
117,2,1,31,No,16.15,No,0.17097025,Male
117,2,1,20,No,16.15,Yes,0.316523,Male
117,2,1,15,No,16.15,Yes,0.361912525,Male
117,2,2,31,Yes,16.15,Yes,0.149178625,Male
117,2,2,20,Yes,16.15,Yes,0.19937145,Male
117,2,2,15,Yes,16.15,Yes,0.3867825,Male
117,2,3,31,No,16.15,No,0.18804035,Male
117,2,3,20,No,16.15,Yes,0.313491025,Male
117,2,3,15,No,16.15,Yes,0.3941008,Male
117,2,4,31,Yes,16.15,Yes,0.154131625,Male
117,2,4,20,Yes,16.15,Yes,0.231401175,Male
117,2,4,15,Yes,16.15,Yes,0.3973602,Male
117,2,5,31,No,16.15,No,0.176463675,Male
117,2,5,20,No,16.15,Yes,0.317564375,Male
117,2,5,15,No,16.15,Yes,0.382056625,Male
117,2,6,31,Yes,16.15,Yes,0.17297565,Male
117,2,6,20,Yes,16.15,Yes,0.371670625,Male
117,2,6,15,Yes,16.15,Yes,0.4042693,Male
117,3,1,31,No,18.45,No,0.096789785,Male
117,3,1,20,No,18.45,Yes,0.1541315,Male
117,3,1,15,No,18.45,Yes,0.186558275,Male
117,3,2,31,Yes,18.45,Yes,0.1282033,Male
117,3,2,20,Yes,18.45,Yes,0.17995865,Male
117,3,2,15,Yes,18.45,Yes,0.2307905,Male
117,3,3,31,No,18.45,No,0.155243475,Male
117,3,3,20,No,18.45,Yes,0.15012625,Male
117,3,3,15,No,18.45,Yes,0.245755275,Male
117,3,4,31,Yes,18.45,Yes,0.13171855,Male
117,3,4,20,Yes,18.45,Yes,0.23542735,Male
117,3,4,15,Yes,18.45,Yes,0.264678825,Male
117,3,5,31,No,18.45,No,0.1308557,Male
117,3,5,20,No,18.45,Yes,0.187415,Male
117,3,5,15,No,18.45,Yes,0.261756325,Male
117,3,6,31,Yes,18.45,Yes,0.108247918,Male
117,3,6,20,Yes,18.45,Yes,0.224302525,Male
117,3,6,15,Yes,18.45,Yes,0.371141375,Male
118,1,1,31,No,17.8,No,0.12032884,Male
118,1,1,20,No,17.8,Yes,0.211016167,Male
118,1,1,15,No,17.8,Yes,0.232708133,Male
118,1,2,31,Yes,17.8,Yes,0.233089367,Male
118,1,2,20,Yes,17.8,Yes,0.280740767,Male
118,1,2,15,Yes,17.8,Yes,0.3718044,Male
118,1,3,31,No,17.8,No,0.1809881,Male
118,1,3,20,No,17.8,Yes,0.294105067,Male
118,1,3,15,No,17.8,Yes,0.291684433,Male
118,1,4,31,Yes,17.8,Yes,0.216098133,Male
118,1,4,20,Yes,17.8,Yes,0.328344133,Male
118,1,4,15,Yes,17.8,Yes,0.368271,Male
118,1,5,31,No,17.8,No,0.189619333,Male
118,1,5,20,No,17.8,Yes,0.334621667,Male
118,1,5,15,No,17.8,Yes,0.341787667,Male
118,1,6,31,Yes,17.8,Yes,0.1446741,Male
118,1,6,20,Yes,17.8,Yes,0.3617727,Male
118,1,6,15,Yes,17.8,Yes,0.436610767,Male
118,2,1,31,No,20.05,No,0.1334,Male
118,2,1,20,No,20.05,Yes,0.259531725,Male
118,2,1,15,No,20.05,Yes,0.25268719,Male
118,2,2,31,Yes,20.05,Yes,0.186010275,Male
118,2,2,20,Yes,20.05,Yes,0.327352175,Male
118,2,2,15,Yes,20.05,Yes,0.388593725,Male
118,2,3,31,No,20.05,No,0.1672055,Male
118,2,3,20,No,20.05,Yes,0.226952225,Male
118,2,3,15,No,20.05,Yes,0.386879425,Male
118,2,4,31,Yes,20.05,Yes,0.16918005,Male
118,2,4,20,Yes,20.05,Yes,0.3953267,Male
118,2,4,15,Yes,20.05,Yes,0.4640367,Male
118,2,5,31,No,20.05,No,0.136326,Male
118,2,5,20,No,20.05,Yes,0.382328925,Male
118,2,5,15,No,20.05,Yes,0.424149175,Male
118,2,6,31,Yes,20.05,Yes,0.19244,Male
118,2,6,20,Yes,20.05,Yes,0.38847,Male
118,2,6,15,Yes,20.05,Yes,0.42757,Male
118,3,1,31,No,19.5,No,0.11950503,Male
118,3,1,20,No,19.5,Yes,0.210867,Male
118,3,1,15,No,19.5,Yes,0.26053,Male
118,3,2,31,Yes,19.5,Yes,0.12529,Male
118,3,2,20,Yes,19.5,Yes,0.30922,Male
118,3,2,15,Yes,19.5,Yes,0.30352,Male
118,3,3,31,No,19.5,No,0.1344664,Male
118,3,3,20,No,19.5,Yes,0.25167,Male
118,3,3,15,No,19.5,Yes,0.23836,Male
118,3,4,31,Yes,19.5,Yes,0.13746,Male
118,3,4,20,Yes,19.5,Yes,0.2924,Male
118,3,4,15,Yes,19.5,Yes,0.29504,Male
118,3,5,31,No,19.5,No,0.147188,Male
118,3,5,20,No,19.5,Yes,0.27045,Male
118,3,5,15,No,19.5,Yes,0.1365,Male
118,3,6,31,Yes,19.5,Yes,0.13911,Male
118,3,6,20,Yes,19.5,Yes,0.25992,Male
118,3,6,15,Yes,19.5,Yes,0.29579,Male
119,1,1,31,No,13.3,No,7.61E-02,Female
119,1,1,20,No,13.3,Yes,0.159987067,Female
119,1,1,15,No,13.3,Yes,3.98E-02,Female
119,1,2,31,Yes,13.3,Yes,0.151778067,Female
119,1,2,20,Yes,13.3,Yes,0.192274067,Female
119,1,2,15,Yes,13.3,Yes,0.288758467,Female
119,1,3,31,No,13.3,No,0.121494133,Female
119,1,3,20,No,13.3,Yes,0.215705267,Female
119,1,3,15,No,13.3,Yes,5.42E-02,Female
119,1,4,31,Yes,13.3,Yes,0.1766836,Female
119,1,4,20,Yes,13.3,Yes,0.2307932,Female
119,1,4,15,Yes,13.3,Yes,0.3246319,Female
119,1,5,31,No,13.3,No,0.10065374,Female
119,1,5,20,No,13.3,Yes,0.245833733,Female
119,1,5,15,No,13.3,Yes,6.05E-02,Female
119,1,6,31,Yes,13.3,Yes,0.132497733,Female
119,1,6,20,Yes,13.3,Yes,0.232188733,Female
119,1,6,15,Yes,13.3,Yes,0.3076737,Female
119,2,1,31,No,14.3,No,0.098818078,Female
119,2,1,20,No,14.3,Yes,0.297325325,Female
119,2,1,15,No,14.3,Yes,0.05268719,Female
119,2,2,31,Yes,14.3,Yes,0.14308475,Female
119,2,2,20,Yes,14.3,Yes,0.178485175,Female
119,2,2,15,Yes,14.3,Yes,0.29965495,Female
119,2,3,31,No,14.3,No,0.124142925,Female
119,2,3,20,No,14.3,Yes,0.256904875,Female
119,2,3,15,No,14.3,Yes,0.247462375,Female
119,2,4,31,Yes,14.3,Yes,0.154719525,Female
119,2,4,20,Yes,14.3,Yes,0.31202295,Female
119,2,4,15,Yes,14.3,Yes,0.314516825,Female
119,2,5,31,No,14.3,No,0.10356615,Female
119,2,5,20,No,14.3,Yes,0.319457175,Female
119,2,5,15,No,14.3,Yes,0.256172025,Female
119,2,6,31,Yes,14.3,Yes,0.1481546,Female
119,2,6,20,Yes,14.3,Yes,0.300067475,Female
119,2,6,15,Yes,14.3,Yes,0.304846225,Female
119,3,1,31,No,14.6,No,0.097022695,Female
119,3,1,20,No,14.6,Yes,0.17459245,Female
119,3,1,15,No,14.6,Yes,0.06740109,Female
119,3,2,31,Yes,14.6,Yes,0.164934975,Female
119,3,2,20,Yes,14.6,Yes,0.181255875,Female
119,3,2,15,Yes,14.6,Yes,0.292595725,Female
119,3,3,31,No,14.6,No,0.104898695,Female
119,3,3,20,No,14.6,Yes,0.366680575,Female
119,3,3,15,No,14.6,Yes,0.424629,Female
119,3,4,31,Yes,14.6,Yes,0.1906339,Female
119,3,4,20,Yes,14.6,Yes,0.2007461,Female
119,3,4,15,Yes,14.6,Yes,0.3181415,Female
119,3,5,31,No,14.6,No,0.117907625,Female
119,3,5,20,No,14.6,Yes,0.272428975,Female
119,3,5,15,No,14.6,Yes,0.455981525,Female
119,3,6,31,Yes,14.6,Yes,0.2153704,Female
119,3,6,20,Yes,14.6,Yes,0.264451575,Female
119,3,6,15,Yes,14.6,Yes,0.2887256,Female
